<?xml version="1.0"?>
<metadata xml:lang="fr"><Esri><MetaID>{0C2702E2-5EDE-48A7-947B-5D28F6987405}</MetaID><CreaDate>20080906</CreaDate><CreaTime>08231700</CreaTime><SyncOnce>FALSE</SyncOnce><DataProperties><lineage><Process ToolSource="C:\Program Files\ArcGIS\ArcToolbox\Toolboxes\Data Management Tools.tbx\SelectData" Date="20090922" Time="112723">SelectData E:\DATA\GeoDB\Rajapaksha\10K_SH55.mdb\Working_Personal_dataset AD_GN_Pg E:\DATA\GeoDB\Rajapaksha\10K_SH55.mdb\Working_Personal_dataset\AD_GN_Pg</Process><Process ToolSource="C:\Program Files\ArcGIS\ArcToolbox\Toolboxes\Data Management Tools.tbx\DeleteFeatures" Date="20090922" Time="112723">DeleteFeatures E:\DATA\GeoDB\Rajapaksha\10K_SH55.mdb\Working_Personal_dataset\AD_GN_Pg E:\DATA\GeoDB\Rajapaksha\10K_SH55.mdb\Working_Personal_dataset\AD_GN_Pg</Process><Process ToolSource="C:\Program Files\ArcGIS\ArcToolbox\Toolboxes\Data Management Tools.tbx\Append" Date="20090922" Time="112724">Append E:\DATA\GeoDB\Rajapaksha\10K_SH55.mdb\Dataset_Conversion\GN_Polygon_t E:\DATA\GeoDB\Rajapaksha\10K_SH55.mdb\Working_Personal_dataset\AD_GN_Pg NO_TEST "GN_Nm_GN 'GN' true true false 50 Text 0 0 ,First,#,E:\DATA\GeoDB\Rajapaksha\10K_SH55.mdb\Dataset_Conversion\GN_Polygon_t,GNDIVISION,-1,-1;GN_Nm_DS 'DS' true true false 50 Text 0 0 ,First,#,E:\DATA\GeoDB\Rajapaksha\10K_SH55.mdb\Dataset_Conversion\GN_Polygon_t,DSAREA,-1,-1;GN_Nm_District 'District' true true false 50 Text 0 0 ,First,#,E:\DATA\GeoDB\Rajapaksha\10K_SH55.mdb\Dataset_Conversion\GN_Polygon_t,DISTRICT,-1,-1;GN_Nm_Province 'Province' true true false 50 Text 0 0 ,First,#,E:\DATA\GeoDB\Rajapaksha\10K_SH55.mdb\Dataset_Conversion\GN_Polygon_t,PROV,-1,-1;GN_Lb_method_creation 'Method' false false true 0 Long 50 0 ,First,#;GN_Ye_creation 'Year' false false true 0 Long 4 0 ,First,#;GN_Lb_method_revision 'Method' false false true 0 Long 50 0 ,First,#;GN_Ye_revision 'Year' false false true 0 Long 4 0 ,First,#;SHAPE_Length 'SHAPE_Length' false true true 8 Double 0 0 ,First,#,E:\DATA\GeoDB\Rajapaksha\10K_SH55.mdb\Dataset_Conversion\GN_Polygon_t,Shape_Length,-1,-1;SHAPE_Area 'SHAPE_Area' false true true 8 Double 0 0 ,First,#,E:\DATA\GeoDB\Rajapaksha\10K_SH55.mdb\Dataset_Conversion\GN_Polygon_t,Shape_Area,-1,-1" # E:\DATA\GeoDB\Rajapaksha\10K_SH55.mdb\Working_Personal_dataset\AD_GN_Pg</Process><Process ToolSource="C:\Program Files\ArcGIS\ArcToolbox\Toolboxes\Data Management Tools.tbx\CalculateField" Date="20090922" Time="112725">CalculateField E:\DATA\GeoDB\Rajapaksha\10K_SH55.mdb\Working_Personal_dataset\AD_GN_Pg GN_Lb_method_creation 8 VB # E:\DATA\GeoDB\Rajapaksha\10K_SH55.mdb\Working_Personal_dataset\AD_GN_Pg</Process><Process ToolSource="C:\Program Files\ArcGIS\ArcToolbox\Toolboxes\Data Management Tools.tbx\DeleteFeatures" Date="20091009" Time="123419">DeleteFeatures E:\TDB\10K\10K_Empty.mdb\Working_Personal_dataset\AD_GN_Pg E:\TDB\10K\10K_Empty.mdb\Working_Personal_dataset\AD_GN_Pg</Process><Process ToolSource="C:\Program Files\ArcGIS\ArcToolbox\Toolboxes\Data Management Tools.tbx\SelectData" Date="20100614" Time="082738">SelectData D:\10K_GeoDB\10K_SH59.mdb\Working_Personal_dataset AD_GN_Pg D:\10K_GeoDB\10K_SH59.mdb\Working_Personal_dataset\AD_GN_Pg</Process><Process ToolSource="C:\Program Files\ArcGIS\ArcToolbox\Toolboxes\Data Management Tools.tbx\DeleteFeatures" Date="20100614" Time="082738">DeleteFeatures D:\10K_GeoDB\10K_SH59.mdb\Working_Personal_dataset\AD_GN_Pg D:\10K_GeoDB\10K_SH59.mdb\Working_Personal_dataset\AD_GN_Pg</Process><Process ToolSource="C:\Program Files\ArcGIS\ArcToolbox\Toolboxes\Data Management Tools.tbx\Append" Date="20100614" Time="082740">Append D:\10K_GeoDB\10K_SH59.mdb\Dataset_Conversion\GN_Polygon_t D:\10K_GeoDB\10K_SH59.mdb\Working_Personal_dataset\AD_GN_Pg NO_TEST "GN_Nm_GN 'GN' true true false 50 Text 0 0 ,First,#,D:\10K_GeoDB\10K_SH59.mdb\Dataset_Conversion\GN_Polygon_t,GNDIVISION,-1,-1;GN_Nm_DS 'DS' true true false 50 Text 0 0 ,First,#,D:\10K_GeoDB\10K_SH59.mdb\Dataset_Conversion\GN_Polygon_t,DSAREA,-1,-1;GN_Nm_District 'District' true true false 50 Text 0 0 ,First,#,D:\10K_GeoDB\10K_SH59.mdb\Dataset_Conversion\GN_Polygon_t,DISTRICT,-1,-1;GN_Nm_Province 'Province' true true false 50 Text 0 0 ,First,#,D:\10K_GeoDB\10K_SH59.mdb\Dataset_Conversion\GN_Polygon_t,PROV,-1,-1;GN_Lb_method_creation 'Method' false false true 0 Long 50 0 ,First,#;GN_Ye_creation 'Year' false false true 0 Long 4 0 ,First,#;GN_Lb_method_revision 'Method' false false true 0 Long 50 0 ,First,#;GN_Ye_revision 'Year' false false true 0 Long 4 0 ,First,#;SHAPE_Length 'SHAPE_Length' false true true 8 Double 0 0 ,First,#,D:\10K_GeoDB\10K_SH59.mdb\Dataset_Conversion\GN_Polygon_t,Shape_Length,-1,-1;SHAPE_Area 'SHAPE_Area' false true true 8 Double 0 0 ,First,#,D:\10K_GeoDB\10K_SH59.mdb\Dataset_Conversion\GN_Polygon_t,Shape_Area,-1,-1" # D:\10K_GeoDB\10K_SH59.mdb\Working_Personal_dataset\AD_GN_Pg</Process><Process ToolSource="C:\Program Files\ArcGIS\ArcToolbox\Toolboxes\Data Management Tools.tbx\CalculateField" Date="20100614" Time="082740">CalculateField D:\10K_GeoDB\10K_SH59.mdb\Working_Personal_dataset\AD_GN_Pg GN_Lb_method_creation 8 VB # D:\10K_GeoDB\10K_SH59.mdb\Working_Personal_dataset\AD_GN_Pg</Process><Process ToolSource="C:\Program Files\ArcGIS\ArcToolbox\Toolboxes\Data Management Tools.tbx\Append" Date="20100709" Time="082601">Append D:\10K_GeoDB\10K_SH59_Part.mdb\Working_Personal_dataset\AD_GN_Pg D:\10K_GeoDB\10K_GeoDB_Final_2010\10K_SH59_GeoDB.mdb\Working_Personal_dataset\AD_GN_Pg NO_TEST "GN_Nm_GN 'GN' true true false 50 Text 0 0 ,First,#,D:\10K_GeoDB\10K_SH59_Part.mdb\Working_Personal_dataset\AD_GN_Pg,GN_Nm_GN,-1,-1;GN_Nm_DS 'DS' true true false 50 Text 0 0 ,First,#,D:\10K_GeoDB\10K_SH59_Part.mdb\Working_Personal_dataset\AD_GN_Pg,GN_Nm_DS,-1,-1;GN_Nm_District 'District' true true false 50 Text 0 0 ,First,#,D:\10K_GeoDB\10K_SH59_Part.mdb\Working_Personal_dataset\AD_GN_Pg,GN_Nm_District,-1,-1;GN_Nm_Province 'Province' true true false 50 Text 0 0 ,First,#,D:\10K_GeoDB\10K_SH59_Part.mdb\Working_Personal_dataset\AD_GN_Pg,GN_Nm_Province,-1,-1;GN_Lb_method_creation 'Method of Creation' true true false 50 Text 0 0 ,First,#,D:\10K_GeoDB\10K_SH59_Part.mdb\Working_Personal_dataset\AD_GN_Pg,GN_Lb_method_creation,-1,-1;GN_Ye_creation 'Year of creation' true true false 4 Long 0 0 ,First,#,D:\10K_GeoDB\10K_SH59_Part.mdb\Working_Personal_dataset\AD_GN_Pg,GN_Ye_creation,-1,-1;GN_Lb_method_revision 'Method of Revision' true true false 50 Text 0 0 ,First,#,D:\10K_GeoDB\10K_SH59_Part.mdb\Working_Personal_dataset\AD_GN_Pg,GN_Lb_method_revision,-1,-1;GN_Ye_revision 'Year of Revision' true true false 4 Long 0 0 ,First,#,D:\10K_GeoDB\10K_SH59_Part.mdb\Working_Personal_dataset\AD_GN_Pg,GN_Ye_revision,-1,-1;SHAPE_Length 'SHAPE_Length' false true true 8 Double 0 0 ,First,#,D:\10K_GeoDB\10K_SH59_Part.mdb\Working_Personal_dataset\AD_GN_Pg,SHAPE_Length,-1,-1;SHAPE_Area 'SHAPE_Area' false true true 8 Double 0 0 ,First,#,D:\10K_GeoDB\10K_SH59_Part.mdb\Working_Personal_dataset\AD_GN_Pg,SHAPE_Area,-1,-1" # D:\10K_GeoDB\10K_GeoDB_Final_2010\10K_SH59_GeoDB.mdb\Working_Personal_dataset\AD_GN_Pg</Process><Process ToolSource="C:\Program Files\ArcGIS\ArcToolbox\Toolboxes\Data Management Tools.tbx\Append" Date="20100714" Time="100643">Append D:\10K_GeoDB\10K_SH59N.mdb\Working_Personal_dataset\AD_GN_Pg D:\10K_GeoDB\10K_SH59_GeoDB_New.mdb\Working_Personal_dataset\AD_GN_Pg NO_TEST "GN_Nm_GN 'GN' true true false 50 Text 0 0 ,First,#,D:\10K_GeoDB\10K_SH59N.mdb\Working_Personal_dataset\AD_GN_Pg,GN_Nm_GN,-1,-1;GN_Nm_DS 'DS' true true false 50 Text 0 0 ,First,#,D:\10K_GeoDB\10K_SH59N.mdb\Working_Personal_dataset\AD_GN_Pg,GN_Nm_DS,-1,-1;GN_Nm_District 'District' true true false 50 Text 0 0 ,First,#,D:\10K_GeoDB\10K_SH59N.mdb\Working_Personal_dataset\AD_GN_Pg,GN_Nm_District,-1,-1;GN_Nm_Province 'Province' true true false 50 Text 0 0 ,First,#,D:\10K_GeoDB\10K_SH59N.mdb\Working_Personal_dataset\AD_GN_Pg,GN_Nm_Province,-1,-1;GN_Lb_method_creation 'Method of Creation' true true false 50 Text 0 0 ,First,#,D:\10K_GeoDB\10K_SH59N.mdb\Working_Personal_dataset\AD_GN_Pg,GN_Lb_method_creation,-1,-1;GN_Ye_creation 'Year of creation' true true false 4 Long 0 0 ,First,#,D:\10K_GeoDB\10K_SH59N.mdb\Working_Personal_dataset\AD_GN_Pg,GN_Ye_creation,-1,-1;GN_Lb_method_revision 'Method of Revision' true true false 50 Text 0 0 ,First,#,D:\10K_GeoDB\10K_SH59N.mdb\Working_Personal_dataset\AD_GN_Pg,GN_Lb_method_revision,-1,-1;GN_Ye_revision 'Year of Revision' true true false 4 Long 0 0 ,First,#,D:\10K_GeoDB\10K_SH59N.mdb\Working_Personal_dataset\AD_GN_Pg,GN_Ye_revision,-1,-1;SHAPE_Length 'SHAPE_Length' false true true 8 Double 0 0 ,First,#,D:\10K_GeoDB\10K_SH59N.mdb\Working_Personal_dataset\AD_GN_Pg,SHAPE_Length,-1,-1;SHAPE_Area 'SHAPE_Area' false true true 8 Double 0 0 ,First,#,D:\10K_GeoDB\10K_SH59N.mdb\Working_Personal_dataset\AD_GN_Pg,SHAPE_Area,-1,-1" # D:\10K_GeoDB\10K_SH59_GeoDB_New.mdb\Working_Personal_dataset\AD_GN_Pg</Process><Process ToolSource="C:\Program Files\ArcGIS\Desktop10.0\ArcToolbox\Toolboxes\Analysis Tools.tbx\Erase" Date="20120309" Time="143116">Erase "GN (polygon)" G:\Working_GIS20\My_Editing\SH_59_REVISION_Googale\5915.mdb\Working_Personal_dataset\CA_Tile_Pg G:\Working_GIS20\My_Editing\SH_59_REVISION_Googale\10K_SH59_GeoDB_22092011.mdb\Working_Personal_dataset\AD_GN_Pg_NEW #</Process><Process ToolSource="D:\Program Files\ArcGIS\Desktop10.0\ArcToolbox\Toolboxes\Analysis Tools.tbx\Clip" Date="20120407" Time="212349">Clip D:\TopoDB\Topo_10K\10K_GeoDB_Final_2011\10K_SH59_GeoDB_22092011.mdb\Working_Personal_dataset\AD_GN_Pg E:\DATA\Request\591\window.shp E:\Temp_Files\AD_GN_Pg.shp #</Process><Process ToolSource="D:\Program Files\ArcGIS\Desktop10.0\ArcToolbox\Toolboxes\Conversion Tools.tbx\FeatureClassToFeatureClass" Date="20120407" Time="212407">FeatureClassToFeatureClass E:\Temp_Files\AD_GN_Pg.shp E:\DATA\Request\591 AD_GN_Pg.shp # "GN_Nm_GN "GN_Nm_GN" true true false 50 Text 0 0 ,First,#,E:\Temp_Files\AD_GN_Pg.shp,GN_Nm_GN,-1,-1;GN_Nm_DS "GN_Nm_DS" true true false 50 Text 0 0 ,First,#,E:\Temp_Files\AD_GN_Pg.shp,GN_Nm_DS,-1,-1;GN_Nm_Dist "GN_Nm_Dist" true true false 50 Text 0 0 ,First,#,E:\Temp_Files\AD_GN_Pg.shp,GN_Nm_Dist,-1,-1;GN_Nm_Prov "GN_Nm_Prov" true true false 50 Text 0 0 ,First,#,E:\Temp_Files\AD_GN_Pg.shp,GN_Nm_Prov,-1,-1;GN_Lb_meth "GN_Lb_meth" true true false 50 Text 0 0 ,First,#,E:\Temp_Files\AD_GN_Pg.shp,GN_Lb_meth,-1,-1;GN_Ye_crea "GN_Ye_crea" true true false 9 Long 0 9 ,First,#,E:\Temp_Files\AD_GN_Pg.shp,GN_Ye_crea,-1,-1;GN_Lb_me_1 "GN_Lb_me_1" true true false 50 Text 0 0 ,First,#,E:\Temp_Files\AD_GN_Pg.shp,GN_Lb_me_1,-1,-1;GN_Ye_revi "GN_Ye_revi" true true false 9 Long 0 9 ,First,#,E:\Temp_Files\AD_GN_Pg.shp,GN_Ye_revi,-1,-1;SHAPE_Leng "SHAPE_Leng" true true false 19 Double 0 0 ,First,#,E:\Temp_Files\AD_GN_Pg.shp,SHAPE_Leng,-1,-1;SHAPE_Area "SHAPE_Area" true true false 19 Double 0 0 ,First,#,E:\Temp_Files\AD_GN_Pg.shp,SHAPE_Area,-1,-1" #</Process></lineage><itemProps><itemName Sync="TRUE">AD_GN_Pg</itemName><imsContentType Sync="TRUE">002</imsContentType><itemLocation><linkage Sync="TRUE">file://\\4520S-HP\E$\DATA\Request\591\AD_GN_Pg.shp</linkage><protocol Sync="TRUE">Local Area Network</protocol></itemLocation><itemSize Sync="TRUE">0.000</itemSize></itemProps><coordRef><type Sync="TRUE">Projected</type><geogcsn Sync="TRUE">GCS_Everest_1830</geogcsn><projcsn Sync="TRUE">Projection95</projcsn><peXml Sync="TRUE">&lt;ProjectedCoordinateSystem xsi:type='typens:ProjectedCoordinateSystem' xmlns:xsi='http://www.w3.org/2001/XMLSchema-instance' xmlns:xs='http://www.w3.org/2001/XMLSchema' xmlns:typens='http://www.esri.com/schemas/ArcGIS/10.0'&gt;&lt;WKT&gt;PROJCS[&amp;quot;Projection95&amp;quot;,GEOGCS[&amp;quot;GCS_Everest_1830&amp;quot;,DATUM[&amp;quot;D_Everest_1830&amp;quot;,SPHEROID[&amp;quot;Everest_1830&amp;quot;,6377299.36,300.8017]],PRIMEM[&amp;quot;Greenwich&amp;quot;,0.0],UNIT[&amp;quot;Degree&amp;quot;,0.0174532925199433]],PROJECTION[&amp;quot;Transverse_Mercator&amp;quot;],PARAMETER[&amp;quot;False_Easting&amp;quot;,200000.0],PARAMETER[&amp;quot;False_Northing&amp;quot;,200000.0],PARAMETER[&amp;quot;Central_Meridian&amp;quot;,80.7717111111111],PARAMETER[&amp;quot;Scale_Factor&amp;quot;,0.9999238418],PARAMETER[&amp;quot;Latitude_Of_Origin&amp;quot;,7.0004802778],UNIT[&amp;quot;Meter&amp;quot;,1.0]]&lt;/WKT&gt;&lt;XOrigin&gt;-5422000&lt;/XOrigin&gt;&lt;YOrigin&gt;-10574200&lt;/YOrigin&gt;&lt;XYScale&gt;450350955.71793514&lt;/XYScale&gt;&lt;ZOrigin&gt;-100000&lt;/ZOrigin&gt;&lt;ZScale&gt;10000&lt;/ZScale&gt;&lt;MOrigin&gt;-100000&lt;/MOrigin&gt;&lt;MScale&gt;10000&lt;/MScale&gt;&lt;XYTolerance&gt;0.001&lt;/XYTolerance&gt;&lt;ZTolerance&gt;0.001&lt;/ZTolerance&gt;&lt;MTolerance&gt;0.001&lt;/MTolerance&gt;&lt;HighPrecision&gt;true&lt;/HighPrecision&gt;&lt;/ProjectedCoordinateSystem&gt;</peXml></coordRef></DataProperties><SyncDate>20120407</SyncDate><SyncTime>21240700</SyncTime><ModDate>20120407</ModDate><ModTime>21240700</ModTime></Esri><dataIdInfo><envirDesc Sync="TRUE">Microsoft Windows Server 2008 R2 Version 6.1 (Build 7600) ; ESRI ArcGIS 10.0.2.3200</envirDesc><dataLang><languageCode value="eng" country="USA"></languageCode></dataLang><idCitation><resTitle Sync="TRUE">AD_GN_Pg</resTitle><presForm><PresFormCd value="005"></PresFormCd></presForm></idCitation><descKeys><thesaName uuidref="723f6998-058e-11dc-8314-0800200c9a66"></thesaName><keyword Sync="TRUE">002</keyword></descKeys><spatRpType><SpatRepTypCd value="001"></SpatRepTypCd></spatRpType></dataIdInfo><mdLang><languageCode value="eng"></languageCode></mdLang><distInfo><distFormat><formatName Sync="TRUE">Shapefile</formatName></distFormat><distTranOps><transSize Sync="TRUE">0.000</transSize></distTranOps></distInfo><mdHrLv><ScopeCd value="005"></ScopeCd></mdHrLv><mdHrLvName Sync="TRUE">dataset</mdHrLvName><refSysInfo><RefSystem><refSysID><identCode code="0"></identCode></refSysID></RefSystem></refSysInfo><spdoinfo><ptvctinf><esriterm Name="AD_GN_Pg"><efeatyp Sync="TRUE">Simple</efeatyp><efeageom Sync="TRUE">4</efeageom><esritopo Sync="TRUE">FALSE</esritopo><efeacnt Sync="TRUE">0</efeacnt><spindex Sync="TRUE">FALSE</spindex><linrefer Sync="TRUE">FALSE</linrefer></esriterm></ptvctinf></spdoinfo><spatRepInfo><VectSpatRep><topLvl><TopoLevCd value="001"></TopoLevCd></topLvl><geometObjs><geoObjTyp><GeoObjTypCd value="002"></GeoObjTypCd><geoObjCnt Sync="TRUE">0</geoObjCnt></geoObjTyp></geometObjs></VectSpatRep></spatRepInfo><eainfo><detailed Name="AD_GN_Pg"><enttyp><enttypl Sync="TRUE">AD_GN_Pg</enttypl><enttypt Sync="TRUE">Feature Class</enttypt><enttypc Sync="TRUE">0</enttypc></enttyp><attr><attrlabl Sync="TRUE">FID</attrlabl><attalias Sync="TRUE">FID</attalias><attrtype Sync="TRUE">OID</attrtype><attwidth Sync="TRUE">4</attwidth><atprecis Sync="TRUE">0</atprecis><attscale Sync="TRUE">0</attscale><attrdef Sync="TRUE">Internal feature number.</attrdef><attrdefs Sync="TRUE">ESRI</attrdefs><attrdomv><udom Sync="TRUE">Sequential unique whole numbers that are automatically generated.</udom></attrdomv></attr><attr><attrlabl Sync="TRUE">SHAPE</attrlabl><attalias Sync="TRUE">Shape</attalias><attrtype Sync="TRUE">Geometry</attrtype><attwidth Sync="TRUE">0</attwidth><atprecis Sync="TRUE">0</atprecis><attscale Sync="TRUE">0</attscale><attrdef Sync="TRUE">Feature geometry.</attrdef><attrdefs Sync="TRUE">ESRI</attrdefs><attrdomv><udom Sync="TRUE">Coordinates defining the features.</udom></attrdomv></attr><attr><attrlabl Sync="TRUE">GN_Nm_GN</attrlabl><attalias Sync="TRUE">GN_Nm_GN</attalias><attrtype Sync="TRUE">String</attrtype><attwidth Sync="TRUE">50</attwidth><atprecis Sync="TRUE">0</atprecis><attscale Sync="TRUE">0</attscale></attr><attr><attrlabl Sync="TRUE">GN_Nm_DS</attrlabl><attalias Sync="TRUE">GN_Nm_DS</attalias><attrtype Sync="TRUE">String</attrtype><attwidth Sync="TRUE">50</attwidth><atprecis Sync="TRUE">0</atprecis><attscale Sync="TRUE">0</attscale></attr><attr><attrlabl Sync="TRUE">GN_Nm_Dist</attrlabl><attalias Sync="TRUE">GN_Nm_Dist</attalias><attrtype Sync="TRUE">String</attrtype><attwidth Sync="TRUE">50</attwidth><atprecis Sync="TRUE">0</atprecis><attscale Sync="TRUE">0</attscale></attr><attr><attrlabl Sync="TRUE">GN_Nm_Prov</attrlabl><attalias Sync="TRUE">GN_Nm_Prov</attalias><attrtype Sync="TRUE">String</attrtype><attwidth Sync="TRUE">50</attwidth><atprecis Sync="TRUE">0</atprecis><attscale Sync="TRUE">0</attscale></attr><attr><attrlabl Sync="TRUE">GN_Lb_meth</attrlabl><attalias Sync="TRUE">GN_Lb_meth</attalias><attrtype Sync="TRUE">String</attrtype><attwidth Sync="TRUE">50</attwidth><atprecis Sync="TRUE">0</atprecis><attscale Sync="TRUE">0</attscale></attr><attr><attrlabl Sync="TRUE">GN_Ye_crea</attrlabl><attalias Sync="TRUE">GN_Ye_crea</attalias><attrtype Sync="TRUE">Integer</attrtype><attwidth Sync="TRUE">9</attwidth><atprecis Sync="TRUE">9</atprecis><attscale Sync="TRUE">0</attscale></attr><attr><attrlabl Sync="TRUE">GN_Lb_me_1</attrlabl><attalias Sync="TRUE">GN_Lb_me_1</attalias><attrtype Sync="TRUE">String</attrtype><attwidth Sync="TRUE">50</attwidth><atprecis Sync="TRUE">0</atprecis><attscale Sync="TRUE">0</attscale></attr><attr><attrlabl Sync="TRUE">GN_Ye_revi</attrlabl><attalias Sync="TRUE">GN_Ye_revi</attalias><attrtype Sync="TRUE">Integer</attrtype><attwidth Sync="TRUE">9</attwidth><atprecis Sync="TRUE">9</atprecis><attscale Sync="TRUE">0</attscale></attr><attr><attrlabl Sync="TRUE">SHAPE_Leng</attrlabl><attalias Sync="TRUE">SHAPE_Leng</attalias><attrtype Sync="TRUE">Double</attrtype><attwidth Sync="TRUE">19</attwidth><atprecis Sync="TRUE">0</atprecis><attscale Sync="TRUE">0</attscale></attr><attr><attrlabl Sync="TRUE">SHAPE_Area</attrlabl><attalias Sync="TRUE">SHAPE_Area</attalias><attrtype Sync="TRUE">Double</attrtype><attwidth Sync="TRUE">19</attwidth><atprecis Sync="TRUE">0</atprecis><attscale Sync="TRUE">0</attscale><attrdef Sync="TRUE">Area of feature in internal units squared.</attrdef><attrdefs Sync="TRUE">ESRI</attrdefs><attrdomv><udom Sync="TRUE">Positive real numbers that are automatically generated.</udom></attrdomv></attr></detailed></eainfo><mdDateSt Sync="TRUE">20120407</mdDateSt></metadata>
