<?xml version="1.0"?>
<metadata xml:lang="fr"><Esri><MetaID>{CCD2699E-77EB-4C53-8479-3BB102963F43}</MetaID><CreaDate>20080906</CreaDate><CreaTime>08231700</CreaTime><SyncOnce>FALSE</SyncOnce><DataProperties><lineage><Process ToolSource="C:\Program Files\ArcGIS\ArcToolbox\Toolboxes\Data Management Tools.tbx\SelectData" Date="20090922" Time="112752">SelectData E:\DATA\GeoDB\Rajapaksha\10K_SH55.mdb\Working_Personal_dataset CA_Toponym_Pt E:\DATA\GeoDB\Rajapaksha\10K_SH55.mdb\Working_Personal_dataset\CA_Toponym_Pt</Process><Process ToolSource="C:\Program Files\ArcGIS\ArcToolbox\Toolboxes\Data Management Tools.tbx\DeleteFeatures" Date="20090922" Time="112752">DeleteFeatures E:\DATA\GeoDB\Rajapaksha\10K_SH55.mdb\Working_Personal_dataset\CA_Toponym_Pt E:\DATA\GeoDB\Rajapaksha\10K_SH55.mdb\Working_Personal_dataset\CA_Toponym_Pt</Process><Process ToolSource="C:\Program Files\ArcGIS\ArcToolbox\Toolboxes\Data Management Tools.tbx\Append" Date="20090922" Time="112753">Append E:\DATA\GeoDB\Rajapaksha\10K_SH55.mdb\Dataset_Conversion\Toponym_point_t E:\DATA\GeoDB\Rajapaksha\10K_SH55.mdb\Working_Personal_dataset\CA_Toponym_Pt NO_TEST "TO_Tp_Toponym 'Type' false false true 0 Long 50 0 ,First,#,E:\DATA\GeoDB\Rajapaksha\10K_SH55.mdb\Dataset_Conversion\Toponym_point_t,GFCODE,-1,-1;TO_Nm_Toponym 'Name' true true false 50 Text 0 0 ,First,#,E:\DATA\GeoDB\Rajapaksha\10K_SH55.mdb\Dataset_Conversion\Toponym_point_t,NAME,-1,-1;TO_Lb_method_creation 'Method' false false true 0 Long 50 0 ,First,#;TO_Ye_creation 'Year' false false true 0 Long 4 0 ,First,#,E:\DATA\GeoDB\Rajapaksha\10K_SH55.mdb\Dataset_Conversion\Toponym_point_t,YEAR_,-1,-1;TO_Lb_method_revision 'Method' false false true 0 Long 50 0 ,First,#;TO_Ye_revision 'Year' false false true 0 Long 4 0 ,First,#;TO_Cd_GFCODE 'GFCODE' true true false 50 Text 0 0 ,First,#,E:\DATA\GeoDB\Rajapaksha\10K_SH55.mdb\Dataset_Conversion\Toponym_point_t,GFCODE,-1,-1" # E:\DATA\GeoDB\Rajapaksha\10K_SH55.mdb\Working_Personal_dataset\CA_Toponym_Pt</Process><Process ToolSource="C:\Program Files\ArcGIS\ArcToolbox\Toolboxes\Data Management Tools.tbx\CalculateField" Date="20090922" Time="112754">CalculateField E:\DATA\GeoDB\Rajapaksha\10K_SH55.mdb\Working_Personal_dataset\CA_Toponym_Pt TO_Lb_method_creation 8 VB # E:\DATA\GeoDB\Rajapaksha\10K_SH55.mdb\Working_Personal_dataset\CA_Toponym_Pt</Process><Process ToolSource="C:\Program Files\ArcGIS\ArcToolbox\Toolboxes\Data Management Tools.tbx\DeleteFeatures" Date="20091009" Time="123421">DeleteFeatures E:\TDB\10K\10K_Empty.mdb\Working_Personal_dataset\CA_Toponym_Pt E:\TDB\10K\10K_Empty.mdb\Working_Personal_dataset\CA_Toponym_Pt</Process><Process ToolSource="C:\Program Files\ArcGIS\ArcToolbox\Toolboxes\Data Management Tools.tbx\SelectData" Date="20100614" Time="082807">SelectData D:\10K_GeoDB\10K_SH59.mdb\Working_Personal_dataset CA_Toponym_Pt D:\10K_GeoDB\10K_SH59.mdb\Working_Personal_dataset\CA_Toponym_Pt</Process><Process ToolSource="C:\Program Files\ArcGIS\ArcToolbox\Toolboxes\Data Management Tools.tbx\DeleteFeatures" Date="20100614" Time="082808">DeleteFeatures D:\10K_GeoDB\10K_SH59.mdb\Working_Personal_dataset\CA_Toponym_Pt D:\10K_GeoDB\10K_SH59.mdb\Working_Personal_dataset\CA_Toponym_Pt</Process><Process ToolSource="C:\Program Files\ArcGIS\ArcToolbox\Toolboxes\Data Management Tools.tbx\Append" Date="20100614" Time="082809">Append D:\10K_GeoDB\10K_SH59.mdb\Dataset_Conversion\Toponym_point_t D:\10K_GeoDB\10K_SH59.mdb\Working_Personal_dataset\CA_Toponym_Pt NO_TEST "TO_Tp_Toponym 'Type' false false true 0 Long 50 0 ,First,#,D:\10K_GeoDB\10K_SH59.mdb\Dataset_Conversion\Toponym_point_t,GFCODE,-1,-1;TO_Nm_Toponym 'Name' true true false 50 Text 0 0 ,First,#,D:\10K_GeoDB\10K_SH59.mdb\Dataset_Conversion\Toponym_point_t,NAME,-1,-1;TO_Lb_method_creation 'Method' false false true 0 Long 50 0 ,First,#;TO_Ye_creation 'Year' false false true 0 Long 4 0 ,First,#,D:\10K_GeoDB\10K_SH59.mdb\Dataset_Conversion\Toponym_point_t,YEAR_,-1,-1;TO_Lb_method_revision 'Method' false false true 0 Long 50 0 ,First,#;TO_Ye_revision 'Year' false false true 0 Long 4 0 ,First,#;TO_Cd_GFCODE 'GFCODE' true true false 50 Text 0 0 ,First,#,D:\10K_GeoDB\10K_SH59.mdb\Dataset_Conversion\Toponym_point_t,GFCODE,-1,-1" # D:\10K_GeoDB\10K_SH59.mdb\Working_Personal_dataset\CA_Toponym_Pt</Process><Process ToolSource="C:\Program Files\ArcGIS\ArcToolbox\Toolboxes\Data Management Tools.tbx\CalculateField" Date="20100614" Time="082809">CalculateField D:\10K_GeoDB\10K_SH59.mdb\Working_Personal_dataset\CA_Toponym_Pt TO_Lb_method_creation 8 VB # D:\10K_GeoDB\10K_SH59.mdb\Working_Personal_dataset\CA_Toponym_Pt</Process><Process ToolSource="C:\Program Files\ArcGIS\ArcToolbox\Toolboxes\Data Management Tools.tbx\Append" Date="20100709" Time="082626">Append D:\10K_GeoDB\10K_SH59_Part.mdb\Working_Personal_dataset\CA_Toponym_Pt D:\10K_GeoDB\10K_GeoDB_Final_2010\10K_SH59_GeoDB.mdb\Working_Personal_dataset\CA_Toponym_Pt NO_TEST "TO_Tp_Toponym 'Type of Toponym' true true false 50 Text 0 0 ,First,#,D:\10K_GeoDB\10K_SH59_Part.mdb\Working_Personal_dataset\CA_Toponym_Pt,TO_Tp_Toponym,-1,-1;TO_Nm_Toponym 'Name' true true false 50 Text 0 0 ,First,#,D:\10K_GeoDB\10K_SH59_Part.mdb\Working_Personal_dataset\CA_Toponym_Pt,TO_Nm_Toponym,-1,-1;TO_Lb_method_creation 'Method of creation' true true false 50 Text 0 0 ,First,#,D:\10K_GeoDB\10K_SH59_Part.mdb\Working_Personal_dataset\CA_Toponym_Pt,TO_Lb_method_creation,-1,-1;TO_Ye_creation 'Year of creation' true true false 4 Long 0 0 ,First,#,D:\10K_GeoDB\10K_SH59_Part.mdb\Working_Personal_dataset\CA_Toponym_Pt,TO_Ye_creation,-1,-1;TO_Lb_method_revision 'Method of revision' true true false 50 Text 0 0 ,First,#,D:\10K_GeoDB\10K_SH59_Part.mdb\Working_Personal_dataset\CA_Toponym_Pt,TO_Lb_method_revision,-1,-1;TO_Ye_revision 'Year of revision' true true false 4 Long 0 0 ,First,#,D:\10K_GeoDB\10K_SH59_Part.mdb\Working_Personal_dataset\CA_Toponym_Pt,TO_Ye_revision,-1,-1;TO_Cd_GFCODE 'GFCODE' true true false 50 Text 0 0 ,First,#,D:\10K_GeoDB\10K_SH59_Part.mdb\Working_Personal_dataset\CA_Toponym_Pt,TO_Cd_GFCODE,-1,-1" # D:\10K_GeoDB\10K_GeoDB_Final_2010\10K_SH59_GeoDB.mdb\Working_Personal_dataset\CA_Toponym_Pt</Process><Process ToolSource="C:\Program Files\ArcGIS\ArcToolbox\Toolboxes\Data Management Tools.tbx\Append" Date="20100714" Time="100647">Append D:\10K_GeoDB\10K_SH59N.mdb\Working_Personal_dataset\CA_Toponym_Pt D:\10K_GeoDB\10K_SH59_GeoDB_New.mdb\Working_Personal_dataset\CA_Toponym_Pt NO_TEST "TO_Tp_Toponym 'Type of Toponym' true true false 50 Text 0 0 ,First,#,D:\10K_GeoDB\10K_SH59N.mdb\Working_Personal_dataset\CA_Toponym_Pt,TO_Tp_Toponym,-1,-1;TO_Nm_Toponym 'Name' true true false 50 Text 0 0 ,First,#,D:\10K_GeoDB\10K_SH59N.mdb\Working_Personal_dataset\CA_Toponym_Pt,TO_Nm_Toponym,-1,-1;TO_Lb_method_creation 'Method of creation' true true false 50 Text 0 0 ,First,#,D:\10K_GeoDB\10K_SH59N.mdb\Working_Personal_dataset\CA_Toponym_Pt,TO_Lb_method_creation,-1,-1;TO_Ye_creation 'Year of creation' true true false 4 Long 0 0 ,First,#,D:\10K_GeoDB\10K_SH59N.mdb\Working_Personal_dataset\CA_Toponym_Pt,TO_Ye_creation,-1,-1;TO_Lb_method_revision 'Method of revision' true true false 50 Text 0 0 ,First,#,D:\10K_GeoDB\10K_SH59N.mdb\Working_Personal_dataset\CA_Toponym_Pt,TO_Lb_method_revision,-1,-1;TO_Ye_revision 'Year of revision' true true false 4 Long 0 0 ,First,#,D:\10K_GeoDB\10K_SH59N.mdb\Working_Personal_dataset\CA_Toponym_Pt,TO_Ye_revision,-1,-1;TO_Cd_GFCODE 'GFCODE' true true false 50 Text 0 0 ,First,#,D:\10K_GeoDB\10K_SH59N.mdb\Working_Personal_dataset\CA_Toponym_Pt,TO_Cd_GFCODE,-1,-1" # D:\10K_GeoDB\10K_SH59_GeoDB_New.mdb\Working_Personal_dataset\CA_Toponym_Pt</Process><Process ToolSource="C:\Program Files\ArcGIS\Desktop10.0\ArcToolbox\Toolboxes\Analysis Tools.tbx\Erase" Date="20120309" Time="140432">Erase "Toponym (point)" G:\Working_GIS20\My_Editing\SH_59_REVISION_Googale\5915.mdb\Working_Personal_dataset\CA_Tile_Pg G:\Working_GIS20\My_Editing\SH_59_REVISION_Googale\10K_SH59_GeoDB_22092011.mdb\Working_Personal_dataset\CA_Toponym_Pt_NEW #</Process><Process ToolSource="D:\Program Files\ArcGIS\Desktop10.0\ArcToolbox\Toolboxes\Analysis Tools.tbx\Clip" Date="20120407" Time="212350">Clip D:\TopoDB\Topo_10K\10K_GeoDB_Final_2011\10K_SH59_GeoDB_22092011.mdb\Working_Personal_dataset\CA_Toponym_Pt E:\DATA\Request\591\window.shp E:\Temp_Files\CA_Toponym_Pt.shp #</Process><Process ToolSource="D:\Program Files\ArcGIS\Desktop10.0\ArcToolbox\Toolboxes\Data Management Tools.tbx\AddField" Date="20120407" Time="212402">AddField E:\Temp_Files\CA_Toponym_Pt.shp TO_GFCODE TEXT # # 5 # NON_NULLABLE NON_REQUIRED #</Process><Process ToolSource="D:\Program Files\ArcGIS\Desktop10.0\ArcToolbox\Toolboxes\Data Management Tools.tbx\CalculateField" Date="20120407" Time="212403">CalculateField E:\Temp_Files\CA_Toponym_Pt.shp TO_GFCODE [TO_Tp_Topo] VB #</Process><Process ToolSource="D:\Program Files\ArcGIS\Desktop10.0\ArcToolbox\Toolboxes\Data Management Tools.tbx\DeleteField" Date="20120407" Time="212403">DeleteField E:\Temp_Files\CA_Toponym_Pt.shp TO_Cd_GFCO;TO_Tp_Topo</Process><Process ToolSource="D:\Program Files\ArcGIS\Desktop10.0\ArcToolbox\Toolboxes\Conversion Tools.tbx\FeatureClassToFeatureClass" Date="20120407" Time="212408">FeatureClassToFeatureClass E:\Temp_Files\CA_Toponym_Pt.shp E:\DATA\Request\591 CA_Toponym_Pt.shp # "TO_Nm_Topo "TO_Nm_Topo" true true false 50 Text 0 0 ,First,#,E:\Temp_Files\CA_Toponym_Pt.shp,TO_Nm_Topo,-1,-1;TO_Lb_meth "TO_Lb_meth" true true false 50 Text 0 0 ,First,#,E:\Temp_Files\CA_Toponym_Pt.shp,TO_Lb_meth,-1,-1;TO_Ye_crea "TO_Ye_crea" true true false 9 Long 0 9 ,First,#,E:\Temp_Files\CA_Toponym_Pt.shp,TO_Ye_crea,-1,-1;TO_Lb_me_1 "TO_Lb_me_1" true true false 50 Text 0 0 ,First,#,E:\Temp_Files\CA_Toponym_Pt.shp,TO_Lb_me_1,-1,-1;TO_Ye_revi "TO_Ye_revi" true true false 9 Long 0 9 ,First,#,E:\Temp_Files\CA_Toponym_Pt.shp,TO_Ye_revi,-1,-1;TO_GFCODE "TO_GFCODE" true true false 5 Text 0 0 ,First,#,E:\Temp_Files\CA_Toponym_Pt.shp,TO_GFCODE,-1,-1" #</Process></lineage><itemProps><itemName Sync="TRUE">CA_Toponym_Pt</itemName><imsContentType Sync="TRUE">002</imsContentType><itemLocation><linkage Sync="TRUE">file://\\4520S-HP\E$\DATA\Request\591\CA_Toponym_Pt.shp</linkage><protocol Sync="TRUE">Local Area Network</protocol></itemLocation><itemSize Sync="TRUE">0.000</itemSize></itemProps><coordRef><type Sync="TRUE">Projected</type><geogcsn Sync="TRUE">GCS_Everest_1830</geogcsn><projcsn Sync="TRUE">Projection95</projcsn><peXml Sync="TRUE">&lt;ProjectedCoordinateSystem xsi:type='typens:ProjectedCoordinateSystem' xmlns:xsi='http://www.w3.org/2001/XMLSchema-instance' xmlns:xs='http://www.w3.org/2001/XMLSchema' xmlns:typens='http://www.esri.com/schemas/ArcGIS/10.0'&gt;&lt;WKT&gt;PROJCS[&amp;quot;Projection95&amp;quot;,GEOGCS[&amp;quot;GCS_Everest_1830&amp;quot;,DATUM[&amp;quot;D_Everest_1830&amp;quot;,SPHEROID[&amp;quot;Everest_1830&amp;quot;,6377299.36,300.8017]],PRIMEM[&amp;quot;Greenwich&amp;quot;,0.0],UNIT[&amp;quot;Degree&amp;quot;,0.0174532925199433]],PROJECTION[&amp;quot;Transverse_Mercator&amp;quot;],PARAMETER[&amp;quot;False_Easting&amp;quot;,200000.0],PARAMETER[&amp;quot;False_Northing&amp;quot;,200000.0],PARAMETER[&amp;quot;Central_Meridian&amp;quot;,80.7717111111111],PARAMETER[&amp;quot;Scale_Factor&amp;quot;,0.9999238418],PARAMETER[&amp;quot;Latitude_Of_Origin&amp;quot;,7.0004802778],UNIT[&amp;quot;Meter&amp;quot;,1.0]]&lt;/WKT&gt;&lt;XOrigin&gt;-5422000&lt;/XOrigin&gt;&lt;YOrigin&gt;-10574200&lt;/YOrigin&gt;&lt;XYScale&gt;450350955.71793514&lt;/XYScale&gt;&lt;ZOrigin&gt;-100000&lt;/ZOrigin&gt;&lt;ZScale&gt;10000&lt;/ZScale&gt;&lt;MOrigin&gt;-100000&lt;/MOrigin&gt;&lt;MScale&gt;10000&lt;/MScale&gt;&lt;XYTolerance&gt;0.001&lt;/XYTolerance&gt;&lt;ZTolerance&gt;0.001&lt;/ZTolerance&gt;&lt;MTolerance&gt;0.001&lt;/MTolerance&gt;&lt;HighPrecision&gt;true&lt;/HighPrecision&gt;&lt;/ProjectedCoordinateSystem&gt;</peXml></coordRef></DataProperties><SyncDate>20120407</SyncDate><SyncTime>21240800</SyncTime><ModDate>20120407</ModDate><ModTime>21240800</ModTime></Esri><dataIdInfo><envirDesc Sync="TRUE">Microsoft Windows Server 2008 R2 Version 6.1 (Build 7600) ; ESRI ArcGIS 10.0.2.3200</envirDesc><dataLang><languageCode value="eng" country="USA"></languageCode></dataLang><idCitation><resTitle Sync="TRUE">CA_Toponym_Pt</resTitle><presForm><PresFormCd value="005"></PresFormCd></presForm></idCitation><descKeys><thesaName uuidref="723f6998-058e-11dc-8314-0800200c9a66"></thesaName><keyword Sync="TRUE">002</keyword></descKeys><spatRpType><SpatRepTypCd value="001"></SpatRepTypCd></spatRpType></dataIdInfo><mdLang><languageCode value="eng"></languageCode></mdLang><distInfo><distFormat><formatName Sync="TRUE">Shapefile</formatName></distFormat><distTranOps><transSize Sync="TRUE">0.000</transSize></distTranOps></distInfo><mdHrLv><ScopeCd value="005"></ScopeCd></mdHrLv><mdHrLvName Sync="TRUE">dataset</mdHrLvName><refSysInfo><RefSystem><refSysID><identCode code="0"></identCode></refSysID></RefSystem></refSysInfo><spdoinfo><ptvctinf><esriterm Name="CA_Toponym_Pt"><efeatyp Sync="TRUE">Simple</efeatyp><efeageom Sync="TRUE">1</efeageom><esritopo Sync="TRUE">FALSE</esritopo><efeacnt Sync="TRUE">0</efeacnt><spindex Sync="TRUE">FALSE</spindex><linrefer Sync="TRUE">FALSE</linrefer></esriterm></ptvctinf></spdoinfo><spatRepInfo><VectSpatRep><topLvl><TopoLevCd value="001"></TopoLevCd></topLvl><geometObjs><geoObjTyp><GeoObjTypCd value="004"></GeoObjTypCd><geoObjCnt Sync="TRUE">0</geoObjCnt></geoObjTyp></geometObjs></VectSpatRep></spatRepInfo><eainfo><detailed Name="CA_Toponym_Pt"><enttyp><enttypl Sync="TRUE">CA_Toponym_Pt</enttypl><enttypt Sync="TRUE">Feature Class</enttypt><enttypc Sync="TRUE">0</enttypc></enttyp><attr><attrlabl Sync="TRUE">FID</attrlabl><attalias Sync="TRUE">FID</attalias><attrtype Sync="TRUE">OID</attrtype><attwidth Sync="TRUE">4</attwidth><atprecis Sync="TRUE">0</atprecis><attscale Sync="TRUE">0</attscale><attrdef Sync="TRUE">Internal feature number.</attrdef><attrdefs Sync="TRUE">ESRI</attrdefs><attrdomv><udom Sync="TRUE">Sequential unique whole numbers that are automatically generated.</udom></attrdomv></attr><attr><attrlabl Sync="TRUE">SHAPE</attrlabl><attalias Sync="TRUE">Shape</attalias><attrtype Sync="TRUE">Geometry</attrtype><attwidth Sync="TRUE">0</attwidth><atprecis Sync="TRUE">0</atprecis><attscale Sync="TRUE">0</attscale><attrdef Sync="TRUE">Feature geometry.</attrdef><attrdefs Sync="TRUE">ESRI</attrdefs><attrdomv><udom Sync="TRUE">Coordinates defining the features.</udom></attrdomv></attr><attr><attrlabl Sync="TRUE">TO_Nm_Topo</attrlabl><attalias Sync="TRUE">TO_Nm_Topo</attalias><attrtype Sync="TRUE">String</attrtype><attwidth Sync="TRUE">50</attwidth><atprecis Sync="TRUE">0</atprecis><attscale Sync="TRUE">0</attscale></attr><attr><attrlabl Sync="TRUE">TO_Lb_meth</attrlabl><attalias Sync="TRUE">TO_Lb_meth</attalias><attrtype Sync="TRUE">String</attrtype><attwidth Sync="TRUE">50</attwidth><atprecis Sync="TRUE">0</atprecis><attscale Sync="TRUE">0</attscale></attr><attr><attrlabl Sync="TRUE">TO_Ye_crea</attrlabl><attalias Sync="TRUE">TO_Ye_crea</attalias><attrtype Sync="TRUE">Integer</attrtype><attwidth Sync="TRUE">9</attwidth><atprecis Sync="TRUE">9</atprecis><attscale Sync="TRUE">0</attscale></attr><attr><attrlabl Sync="TRUE">TO_Lb_me_1</attrlabl><attalias Sync="TRUE">TO_Lb_me_1</attalias><attrtype Sync="TRUE">String</attrtype><attwidth Sync="TRUE">50</attwidth><atprecis Sync="TRUE">0</atprecis><attscale Sync="TRUE">0</attscale></attr><attr><attrlabl Sync="TRUE">TO_Ye_revi</attrlabl><attalias Sync="TRUE">TO_Ye_revi</attalias><attrtype Sync="TRUE">Integer</attrtype><attwidth Sync="TRUE">9</attwidth><atprecis Sync="TRUE">9</atprecis><attscale Sync="TRUE">0</attscale></attr><attr><attrlabl Sync="TRUE">TO_GFCODE</attrlabl><attalias Sync="TRUE">TO_GFCODE</attalias><attrtype Sync="TRUE">String</attrtype><attwidth Sync="TRUE">5</attwidth><atprecis Sync="TRUE">0</atprecis><attscale Sync="TRUE">0</attscale></attr></detailed></eainfo><mdDateSt Sync="TRUE">20120407</mdDateSt></metadata>
