<?xml version="1.0"?>
<metadata xml:lang="en"><Esri><CreaDate>20080618</CreaDate><CreaTime>14350200</CreaTime><SyncOnce>FALSE</SyncOnce><SyncDate>20120407</SyncDate><SyncTime>21240800</SyncTime><ModDate>20120407</ModDate><ModTime>21240800</ModTime><DataProperties><lineage><Process Name="Clip_3" ToolSource="C:\Program Files\ArcGIS\ArcToolbox\Toolboxes\Analysis Tools.tbx\Clip" Date="20080111" Time="193831">Clip D:\Publik\srilanka\test_M1_nr.mdb\Dataset2_Update\Building_polygon D:\Publik\srilanka\test_M1_nr.mdb\Dataset2_Update\clip_limit D:\Publik\srilanka\test_M1_nr.mdb\Dataset2_Update\Building_polygon_Clip #</Process><Process ToolSource="C:\Program Files\ArcGIS\ArcToolbox\Toolboxes\Data Management Tools.tbx\Append" Date="20080721" Time="130518">Append F:\Productie\check\mdb\2306_2311\2306_VH4590VH4794.mdb\Dataset2_Update\CO_Building_Pg F:\Productie\check\2306.mdb\Dataset2_Update\CO_Building_Pg TEST F:\Productie\check\2306.mdb\Dataset2_Update\CO_Building_Pg</Process><Process ToolSource="C:\Program Files\ArcGIS\ArcToolbox\Toolboxes\Data Management Tools.tbx\Append" Date="20080722" Time="092943">Append F:\Productie\check\mdb\2306_2311\2311_VH4085VH4189.mdb\Dataset2_Update\CO_Building_Pg F:\Productie\check\2306_2311.mdb\Dataset2_Update\CO_Building_Pg TEST F:\Productie\check\2306_2311.mdb\Dataset2_Update\CO_Building_Pg</Process><Process ToolSource="C:\Program Files\ArcGIS\ArcToolbox\Toolboxes\Data Management Tools.tbx\Append" Date="20080722" Time="093146">Append F:\Productie\check\mdb\2306_2311\2311_VH4285VH4389.mdb\Dataset2_Update\CO_Building_Pg F:\Productie\check\2306_2311.mdb\Dataset2_Update\CO_Building_Pg TEST F:\Productie\check\2306_2311.mdb\Dataset2_Update\CO_Building_Pg</Process><Process ToolSource="C:\Program Files\ArcGIS\ArcToolbox\Toolboxes\Data Management Tools.tbx\Append" Date="20080722" Time="115023">Append F:\Productie\check\mdb\2306_2311\2311_VH4485VH4589.mdb\Dataset2_Update\CO_Building_Pg F:\Productie\check\2306_2311.mdb\Dataset2_Update\CO_Building_Pg TEST F:\Productie\check\2306_2311.mdb\Dataset2_Update\CO_Building_Pg</Process><Process ToolSource="C:\Program Files\ArcGIS\ArcToolbox\Toolboxes\Data Management Tools.tbx\Append" Date="20080722" Time="134224">Append F:\Productie\check\mdb\2306_2311\2311_VH4685VH4789.mdb\Dataset2_Update\CO_Building_Pg F:\Productie\check\2306_2311.mdb\Dataset2_Update\CO_Building_Pg TEST F:\Productie\check\2306_2311.mdb\Dataset2_Update\CO_Building_Pg</Process><Process ToolSource="C:\Program Files\ArcGIS\ArcToolbox\Toolboxes\Data Management Tools.tbx\Append" Date="20080722" Time="143119">Append F:\Productie\bkp\1825_2301\1820_2301.mdb\Dataset2_Update\CO_Building_Pg F:\Productie\check\1820_2311.mdb\Dataset2_Update\CO_Building_Pg TEST F:\Productie\check\1820_2311.mdb\Dataset2_Update\CO_Building_Pg</Process><Process ToolSource="C:\Program Files\ArcGIS\ArcToolbox\Toolboxes\Data Management Tools.tbx\Append" Date="20080723" Time="082907">Append F:\Productie\asamblate\bloc_3\2316_3314\2316_3314.mdb\Dataset2_Update\CO_Building_Pg F:\Productie\asamblate\bloc_3\SIIRM_bloc3_E.mdb\Dataset2_Update\CO_Building_Pg TEST F:\Productie\asamblate\bloc_3\SIIRM_bloc3_E.mdb\Dataset2_Update\CO_Building_Pg</Process><Process Name="Append_1" ToolSource="C:\Program Files\ArcGIS\ArcToolbox\Toolboxes\Data Management Tools.tbx\Append" Date="20080725" Time="095151">Append F:\Productie\asamblate\bloc123\SIIRM_bloc1_N.mdb\Dataset3_Final\CO_Building_Pg F:\Productie\asamblate\bloc123\bloc_1_3.mdb\Dataset3_Final\CO_Building_Pg TEST F:\Productie\asamblate\bloc123\bloc_1_3.mdb\Dataset3_Final\CO_Building_Pg</Process><Process ToolSource="C:\Program Files\ArcGIS\ArcToolbox\Toolboxes\Data Management Tools.tbx\SelectData" Date="20090922" Time="112709">SelectData E:\DATA\GeoDB\Rajapaksha\10K_SH55.mdb\Working_Personal_dataset CO_Building_Pg E:\DATA\GeoDB\Rajapaksha\10K_SH55.mdb\Working_Personal_dataset\CO_Building_Pg</Process><Process ToolSource="C:\Program Files\ArcGIS\ArcToolbox\Toolboxes\Data Management Tools.tbx\DeleteFeatures" Date="20090922" Time="112709">DeleteFeatures E:\DATA\GeoDB\Rajapaksha\10K_SH55.mdb\Working_Personal_dataset\CO_Building_Pg E:\DATA\GeoDB\Rajapaksha\10K_SH55.mdb\Working_Personal_dataset\CO_Building_Pg</Process><Process ToolSource="C:\Program Files\ArcGIS\ArcToolbox\Toolboxes\Data Management Tools.tbx\Append" Date="20090922" Time="112713">Append E:\DATA\GeoDB\Rajapaksha\10K_SH55.mdb\Dataset_Conversion\Building_polygon_t E:\DATA\GeoDB\Rajapaksha\10K_SH55.mdb\Working_Personal_dataset\CO_Building_Pg NO_TEST "BU_Cd_GFCODE 'GFCODE' true true false 5 Text 0 0 ,First,#,E:\DATA\GeoDB\Rajapaksha\10K_SH55.mdb\Dataset_Conversion\Building_polygon_t,GFCODE,-1,-1;BU_Tp_category 'Building' false true true 0 Long 0 0 ,First,#,E:\DATA\GeoDB\Rajapaksha\10K_SH55.mdb\Dataset_Conversion\Building_polygon_t,GFCODE,-1,-1;BU_Nm 'Building' false true true 0 Long 0 0 ,First,#,E:\DATA\GeoDB\Rajapaksha\10K_SH55.mdb\Dataset_Conversion\Building_polygon_t,NAME,-1,-1;BU_Lb_method_creation 'Method' false false true 0 Long 50 0 ,First,#;BU_Ye_creation 'Year' false false true 0 Long 4 0 ,First,#,E:\DATA\GeoDB\Rajapaksha\10K_SH55.mdb\Dataset_Conversion\Building_polygon_t,YEAR_,-1,-1;BU_Lb_method_revision 'Method' false false true 0 Long 50 0 ,First,#;BU_Ye_revision 'Year' false false true 0 Long 4 0 ,First,#;BU_Cd_ID 'Building' false true true 0 Long 0 0 ,First,#;SHAPE_Length 'SHAPE_Length' false true true 8 Double 0 0 ,First,#,E:\DATA\GeoDB\Rajapaksha\10K_SH55.mdb\Dataset_Conversion\Building_polygon_t,Shape_Length,-1,-1;SHAPE_Area 'SHAPE_Area' false true true 8 Double 0 0 ,First,#,E:\DATA\GeoDB\Rajapaksha\10K_SH55.mdb\Dataset_Conversion\Building_polygon_t,Shape_Area,-1,-1" # E:\DATA\GeoDB\Rajapaksha\10K_SH55.mdb\Working_Personal_dataset\CO_Building_Pg</Process><Process ToolSource="C:\Program Files\ArcGIS\ArcToolbox\Toolboxes\Data Management Tools.tbx\CalculateField" Date="20090922" Time="112717">CalculateField E:\DATA\GeoDB\Rajapaksha\10K_SH55.mdb\Working_Personal_dataset\CO_Building_Pg BU_Lb_method_creation 8 VB # E:\DATA\GeoDB\Rajapaksha\10K_SH55.mdb\Working_Personal_dataset\CO_Building_Pg</Process><Process ToolSource="C:\Program Files\ArcGIS\ArcToolbox\Toolboxes\Data Management Tools.tbx\DeleteFeatures" Date="20091009" Time="123420">DeleteFeatures E:\TDB\10K\10K_Empty.mdb\Working_Personal_dataset\CO_Building_Pg E:\TDB\10K\10K_Empty.mdb\Working_Personal_dataset\CO_Building_Pg</Process><Process ToolSource="C:\Program Files\ArcGIS\ArcToolbox\Toolboxes\Data Management Tools.tbx\SelectData" Date="20100614" Time="081750">SelectData D:\10K_GeoDB\10K_SH59.mdb\Working_Personal_dataset CO_Building_Pg D:\10K_GeoDB\10K_SH59.mdb\Working_Personal_dataset\CO_Building_Pg</Process><Process ToolSource="C:\Program Files\ArcGIS\ArcToolbox\Toolboxes\Data Management Tools.tbx\DeleteFeatures" Date="20100614" Time="081750">DeleteFeatures D:\10K_GeoDB\10K_SH59.mdb\Working_Personal_dataset\CO_Building_Pg D:\10K_GeoDB\10K_SH59.mdb\Working_Personal_dataset\CO_Building_Pg</Process><Process ToolSource="C:\Program Files\ArcGIS\ArcToolbox\Toolboxes\Data Management Tools.tbx\Append" Date="20100614" Time="081806">Append D:\10K_GeoDB\10K_SH59.mdb\Dataset_Conversion\Building_polygon_t D:\10K_GeoDB\10K_SH59.mdb\Working_Personal_dataset\CO_Building_Pg NO_TEST "BU_Cd_GFCODE 'GFCODE' true true false 5 Text 0 0 ,First,#,D:\10K_GeoDB\10K_SH59.mdb\Dataset_Conversion\Building_polygon_t,GFCODE,-1,-1;BU_Tp_category 'Building' false true true 0 Long 0 0 ,First,#,D:\10K_GeoDB\10K_SH59.mdb\Dataset_Conversion\Building_polygon_t,GFCODE,-1,-1;BU_Nm 'Building' false true true 0 Long 0 0 ,First,#,D:\10K_GeoDB\10K_SH59.mdb\Dataset_Conversion\Building_polygon_t,NAME,-1,-1;BU_Lb_method_creation 'Method' false false true 0 Long 50 0 ,First,#;BU_Ye_creation 'Year' false false true 0 Long 4 0 ,First,#,D:\10K_GeoDB\10K_SH59.mdb\Dataset_Conversion\Building_polygon_t,YEAR_,-1,-1;BU_Lb_method_revision 'Method' false false true 0 Long 50 0 ,First,#;BU_Ye_revision 'Year' false false true 0 Long 4 0 ,First,#;BU_Cd_ID 'Building' false true true 0 Long 0 0 ,First,#;SHAPE_Length 'SHAPE_Length' false true true 8 Double 0 0 ,First,#,D:\10K_GeoDB\10K_SH59.mdb\Dataset_Conversion\Building_polygon_t,Shape_Length,-1,-1;SHAPE_Area 'SHAPE_Area' false true true 8 Double 0 0 ,First,#,D:\10K_GeoDB\10K_SH59.mdb\Dataset_Conversion\Building_polygon_t,Shape_Area,-1,-1" # D:\10K_GeoDB\10K_SH59.mdb\Working_Personal_dataset\CO_Building_Pg</Process><Process ToolSource="C:\Program Files\ArcGIS\ArcToolbox\Toolboxes\Data Management Tools.tbx\SelectData" Date="20100614" Time="082658">SelectData D:\10K_GeoDB\10K_SH59.mdb\Working_Personal_dataset CO_Building_Pg D:\10K_GeoDB\10K_SH59.mdb\Working_Personal_dataset\CO_Building_Pg</Process><Process ToolSource="C:\Program Files\ArcGIS\ArcToolbox\Toolboxes\Data Management Tools.tbx\DeleteFeatures" Date="20100614" Time="082658">DeleteFeatures D:\10K_GeoDB\10K_SH59.mdb\Working_Personal_dataset\CO_Building_Pg D:\10K_GeoDB\10K_SH59.mdb\Working_Personal_dataset\CO_Building_Pg</Process><Process ToolSource="C:\Program Files\ArcGIS\ArcToolbox\Toolboxes\Data Management Tools.tbx\Append" Date="20100614" Time="082715">Append D:\10K_GeoDB\10K_SH59.mdb\Dataset_Conversion\Building_polygon_t D:\10K_GeoDB\10K_SH59.mdb\Working_Personal_dataset\CO_Building_Pg NO_TEST "BU_Cd_GFCODE 'GFCODE' true true false 5 Text 0 0 ,First,#,D:\10K_GeoDB\10K_SH59.mdb\Dataset_Conversion\Building_polygon_t,GFCODE,-1,-1;BU_Tp_category 'Building' false true true 0 Long 0 0 ,First,#,D:\10K_GeoDB\10K_SH59.mdb\Dataset_Conversion\Building_polygon_t,GFCODE,-1,-1;BU_Nm 'Building' false true true 0 Long 0 0 ,First,#,D:\10K_GeoDB\10K_SH59.mdb\Dataset_Conversion\Building_polygon_t,NAME,-1,-1;BU_Lb_method_creation 'Method' false false true 0 Long 50 0 ,First,#;BU_Ye_creation 'Year' false false true 0 Long 4 0 ,First,#,D:\10K_GeoDB\10K_SH59.mdb\Dataset_Conversion\Building_polygon_t,YEAR_,-1,-1;BU_Lb_method_revision 'Method' false false true 0 Long 50 0 ,First,#;BU_Ye_revision 'Year' false false true 0 Long 4 0 ,First,#;BU_Cd_ID 'Building' false true true 0 Long 0 0 ,First,#;SHAPE_Length 'SHAPE_Length' false true true 8 Double 0 0 ,First,#,D:\10K_GeoDB\10K_SH59.mdb\Dataset_Conversion\Building_polygon_t,Shape_Length,-1,-1;SHAPE_Area 'SHAPE_Area' false true true 8 Double 0 0 ,First,#,D:\10K_GeoDB\10K_SH59.mdb\Dataset_Conversion\Building_polygon_t,Shape_Area,-1,-1" # D:\10K_GeoDB\10K_SH59.mdb\Working_Personal_dataset\CO_Building_Pg</Process><Process ToolSource="C:\Program Files\ArcGIS\ArcToolbox\Toolboxes\Data Management Tools.tbx\CalculateField" Date="20100614" Time="082730">CalculateField D:\10K_GeoDB\10K_SH59.mdb\Working_Personal_dataset\CO_Building_Pg BU_Lb_method_creation 8 VB # D:\10K_GeoDB\10K_SH59.mdb\Working_Personal_dataset\CO_Building_Pg</Process><Process ToolSource="C:\Program Files\ArcGIS\ArcToolbox\Toolboxes\Data Management Tools.tbx\Append" Date="20100709" Time="082624">Append D:\10K_GeoDB\10K_SH59_Part.mdb\Working_Personal_dataset\CO_Building_Pg D:\10K_GeoDB\10K_GeoDB_Final_2010\10K_SH59_GeoDB.mdb\Working_Personal_dataset\CO_Building_Pg NO_TEST "BU_Cd_GFCODE 'GFCODE' true true false 5 Text 0 0 ,First,#,D:\10K_GeoDB\10K_SH59_Part.mdb\Working_Personal_dataset\CO_Building_Pg,BU_Cd_GFCODE,-1,-1;BU_Tp_category 'Building Category' true true false 50 Text 0 0 ,First,#,D:\10K_GeoDB\10K_SH59_Part.mdb\Working_Personal_dataset\CO_Building_Pg,BU_Tp_category,-1,-1;BU_Nm 'Building Name' true true false 50 Text 0 0 ,First,#,D:\10K_GeoDB\10K_SH59_Part.mdb\Working_Personal_dataset\CO_Building_Pg,BU_Nm,-1,-1;BU_Lb_method_creation 'Method of creation' true true false 50 Text 0 0 ,First,#,D:\10K_GeoDB\10K_SH59_Part.mdb\Working_Personal_dataset\CO_Building_Pg,BU_Lb_method_creation,-1,-1;BU_Ye_creation 'Year of creation' true true false 4 Long 0 0 ,First,#,D:\10K_GeoDB\10K_SH59_Part.mdb\Working_Personal_dataset\CO_Building_Pg,BU_Ye_creation,-1,-1;BU_Lb_method_revision 'Method of revision' true true false 50 Text 0 0 ,First,#,D:\10K_GeoDB\10K_SH59_Part.mdb\Working_Personal_dataset\CO_Building_Pg,BU_Lb_method_revision,-1,-1;BU_Ye_revision 'Year of revision' true true false 4 Long 0 0 ,First,#,D:\10K_GeoDB\10K_SH59_Part.mdb\Working_Personal_dataset\CO_Building_Pg,BU_Ye_revision,-1,-1;BU_Cd_ID 'Building ID' true true false 4 Long 0 0 ,First,#,D:\10K_GeoDB\10K_SH59_Part.mdb\Working_Personal_dataset\CO_Building_Pg,BU_Cd_ID,-1,-1;SHAPE_Length 'SHAPE_Length' false true true 8 Double 0 0 ,First,#,D:\10K_GeoDB\10K_SH59_Part.mdb\Working_Personal_dataset\CO_Building_Pg,SHAPE_Length,-1,-1;SHAPE_Area 'SHAPE_Area' false true true 8 Double 0 0 ,First,#,D:\10K_GeoDB\10K_SH59_Part.mdb\Working_Personal_dataset\CO_Building_Pg,SHAPE_Area,-1,-1" # D:\10K_GeoDB\10K_GeoDB_Final_2010\10K_SH59_GeoDB.mdb\Working_Personal_dataset\CO_Building_Pg</Process><Process ToolSource="C:\Program Files\ArcGIS\ArcToolbox\Toolboxes\Data Management Tools.tbx\Append" Date="20100714" Time="100645">Append D:\10K_GeoDB\10K_SH59N.mdb\Working_Personal_dataset\CO_Building_Pg D:\10K_GeoDB\10K_SH59_GeoDB_New.mdb\Working_Personal_dataset\CO_Building_Pg NO_TEST "BU_Cd_GFCODE 'GFCODE' true true false 5 Text 0 0 ,First,#,D:\10K_GeoDB\10K_SH59N.mdb\Working_Personal_dataset\CO_Building_Pg,BU_Cd_GFCODE,-1,-1;BU_Tp_category 'Building Category' true true false 50 Text 0 0 ,First,#,D:\10K_GeoDB\10K_SH59N.mdb\Working_Personal_dataset\CO_Building_Pg,BU_Tp_category,-1,-1;BU_Nm 'Building Name' true true false 50 Text 0 0 ,First,#,D:\10K_GeoDB\10K_SH59N.mdb\Working_Personal_dataset\CO_Building_Pg,BU_Nm,-1,-1;BU_Lb_method_creation 'Method of creation' true true false 50 Text 0 0 ,First,#,D:\10K_GeoDB\10K_SH59N.mdb\Working_Personal_dataset\CO_Building_Pg,BU_Lb_method_creation,-1,-1;BU_Ye_creation 'Year of creation' true true false 4 Long 0 0 ,First,#,D:\10K_GeoDB\10K_SH59N.mdb\Working_Personal_dataset\CO_Building_Pg,BU_Ye_creation,-1,-1;BU_Lb_method_revision 'Method of revision' true true false 50 Text 0 0 ,First,#,D:\10K_GeoDB\10K_SH59N.mdb\Working_Personal_dataset\CO_Building_Pg,BU_Lb_method_revision,-1,-1;BU_Ye_revision 'Year of revision' true true false 4 Long 0 0 ,First,#,D:\10K_GeoDB\10K_SH59N.mdb\Working_Personal_dataset\CO_Building_Pg,BU_Ye_revision,-1,-1;BU_Cd_ID 'Building ID' true true false 4 Long 0 0 ,First,#,D:\10K_GeoDB\10K_SH59N.mdb\Working_Personal_dataset\CO_Building_Pg,BU_Cd_ID,-1,-1;SHAPE_Length 'SHAPE_Length' false true true 8 Double 0 0 ,First,#,D:\10K_GeoDB\10K_SH59N.mdb\Working_Personal_dataset\CO_Building_Pg,SHAPE_Length,-1,-1;SHAPE_Area 'SHAPE_Area' false true true 8 Double 0 0 ,First,#,D:\10K_GeoDB\10K_SH59N.mdb\Working_Personal_dataset\CO_Building_Pg,SHAPE_Area,-1,-1" # D:\10K_GeoDB\10K_SH59_GeoDB_New.mdb\Working_Personal_dataset\CO_Building_Pg</Process><Process ToolSource="C:\Program Files (x86)\ArcGIS\Desktop10.0\ArcToolbox\Toolboxes\Analysis Tools.tbx\Erase" Date="20110923" Time="095408">Erase D:\SH59\10K_SH59_GeoDB_22092011.mdb\Working_Personal_dataset\CO_Building_Pg D:\SH59\Export_Output.shp D:\SH59\10K_SH59_GeoDB_22092011.mdb\Working_Personal_dataset\CO_Building_Pg_Erase #</Process><Process ToolSource="C:\Program Files\ArcGIS\Desktop10.0\ArcToolbox\Toolboxes\Analysis Tools.tbx\Erase" Date="20120309" Time="144337">Erase CO_Building_Pg G:\Working_GIS20\My_Editing\SH_59_REVISION_Googale\5915.mdb\Working_Personal_dataset\CA_Tile_Pg G:\Working_GIS20\My_Editing\SH_59_REVISION_Googale\10K_SH59_GeoDB_22092011.mdb\Working_Personal_dataset\CO_Building_Pg_NEW #</Process><Process ToolSource="D:\Program Files\ArcGIS\Desktop10.0\ArcToolbox\Toolboxes\Analysis Tools.tbx\Clip" Date="20120407" Time="212353">Clip D:\TopoDB\Topo_10K\10K_GeoDB_Final_2011\10K_SH59_GeoDB_22092011.mdb\Working_Personal_dataset\CO_Building_Pg E:\DATA\Request\591\window.shp E:\Temp_Files\CO_Building_Pg.shp #</Process><Process ToolSource="D:\Program Files\ArcGIS\Desktop10.0\ArcToolbox\Toolboxes\Data Management Tools.tbx\AddField" Date="20120407" Time="212401">AddField E:\Temp_Files\CO_Building_Pg.shp BU_GFCODE TEXT # # 5 # NON_NULLABLE NON_REQUIRED #</Process><Process ToolSource="D:\Program Files\ArcGIS\Desktop10.0\ArcToolbox\Toolboxes\Data Management Tools.tbx\CalculateField" Date="20120407" Time="212402">CalculateField E:\Temp_Files\CO_Building_Pg.shp BU_GFCODE [BU_Tp_cate] VB #</Process><Process ToolSource="D:\Program Files\ArcGIS\Desktop10.0\ArcToolbox\Toolboxes\Data Management Tools.tbx\DeleteField" Date="20120407" Time="212402">DeleteField E:\Temp_Files\CO_Building_Pg.shp BU_Cd_GFCO;BU_Tp_cate</Process><Process ToolSource="D:\Program Files\ArcGIS\Desktop10.0\ArcToolbox\Toolboxes\Conversion Tools.tbx\FeatureClassToFeatureClass" Date="20120407" Time="212409">FeatureClassToFeatureClass E:\Temp_Files\CO_Building_Pg.shp E:\DATA\Request\591 CO_Building_Pg.shp # "BU_Nm "BU_Nm" true true false 50 Text 0 0 ,First,#,E:\Temp_Files\CO_Building_Pg.shp,BU_Nm,-1,-1;BU_Lb_meth "BU_Lb_meth" true true false 50 Text 0 0 ,First,#,E:\Temp_Files\CO_Building_Pg.shp,BU_Lb_meth,-1,-1;BU_Ye_crea "BU_Ye_crea" true true false 9 Long 0 9 ,First,#,E:\Temp_Files\CO_Building_Pg.shp,BU_Ye_crea,-1,-1;BU_Lb_me_1 "BU_Lb_me_1" true true false 50 Text 0 0 ,First,#,E:\Temp_Files\CO_Building_Pg.shp,BU_Lb_me_1,-1,-1;BU_Ye_revi "BU_Ye_revi" true true false 9 Long 0 9 ,First,#,E:\Temp_Files\CO_Building_Pg.shp,BU_Ye_revi,-1,-1;BU_Cd_ID "BU_Cd_ID" true true false 9 Long 0 9 ,First,#,E:\Temp_Files\CO_Building_Pg.shp,BU_Cd_ID,-1,-1;SHAPE_Leng "SHAPE_Leng" true true false 19 Double 0 0 ,First,#,E:\Temp_Files\CO_Building_Pg.shp,SHAPE_Leng,-1,-1;SHAPE_Area "SHAPE_Area" true true false 19 Double 0 0 ,First,#,E:\Temp_Files\CO_Building_Pg.shp,SHAPE_Area,-1,-1;BU_GFCODE "BU_GFCODE" true true false 5 Text 0 0 ,First,#,E:\Temp_Files\CO_Building_Pg.shp,BU_GFCODE,-1,-1" #</Process></lineage><itemProps><itemName Sync="TRUE">CO_Building_Pg</itemName><imsContentType Sync="TRUE">002</imsContentType><itemLocation><linkage Sync="TRUE">file://\\4520S-HP\E$\DATA\Request\591\CO_Building_Pg.shp</linkage><protocol Sync="TRUE">Local Area Network</protocol></itemLocation><itemSize Sync="TRUE">0.000</itemSize></itemProps><coordRef><type Sync="TRUE">Projected</type><geogcsn Sync="TRUE">GCS_Everest_1830</geogcsn><projcsn Sync="TRUE">Projection95</projcsn><peXml Sync="TRUE">&lt;ProjectedCoordinateSystem xsi:type='typens:ProjectedCoordinateSystem' xmlns:xsi='http://www.w3.org/2001/XMLSchema-instance' xmlns:xs='http://www.w3.org/2001/XMLSchema' xmlns:typens='http://www.esri.com/schemas/ArcGIS/10.0'&gt;&lt;WKT&gt;PROJCS[&amp;quot;Projection95&amp;quot;,GEOGCS[&amp;quot;GCS_Everest_1830&amp;quot;,DATUM[&amp;quot;D_Everest_1830&amp;quot;,SPHEROID[&amp;quot;Everest_1830&amp;quot;,6377299.36,300.8017]],PRIMEM[&amp;quot;Greenwich&amp;quot;,0.0],UNIT[&amp;quot;Degree&amp;quot;,0.0174532925199433]],PROJECTION[&amp;quot;Transverse_Mercator&amp;quot;],PARAMETER[&amp;quot;False_Easting&amp;quot;,200000.0],PARAMETER[&amp;quot;False_Northing&amp;quot;,200000.0],PARAMETER[&amp;quot;Central_Meridian&amp;quot;,80.7717111111111],PARAMETER[&amp;quot;Scale_Factor&amp;quot;,0.9999238418],PARAMETER[&amp;quot;Latitude_Of_Origin&amp;quot;,7.0004802778],UNIT[&amp;quot;Meter&amp;quot;,1.0]]&lt;/WKT&gt;&lt;XOrigin&gt;-5422000&lt;/XOrigin&gt;&lt;YOrigin&gt;-10574200&lt;/YOrigin&gt;&lt;XYScale&gt;450350955.71793514&lt;/XYScale&gt;&lt;ZOrigin&gt;-100000&lt;/ZOrigin&gt;&lt;ZScale&gt;10000&lt;/ZScale&gt;&lt;MOrigin&gt;-100000&lt;/MOrigin&gt;&lt;MScale&gt;10000&lt;/MScale&gt;&lt;XYTolerance&gt;0.001&lt;/XYTolerance&gt;&lt;ZTolerance&gt;0.001&lt;/ZTolerance&gt;&lt;MTolerance&gt;0.001&lt;/MTolerance&gt;&lt;HighPrecision&gt;true&lt;/HighPrecision&gt;&lt;/ProjectedCoordinateSystem&gt;</peXml></coordRef></DataProperties><MetaID>{4724721B-2E09-4C00-B360-634928F4D31C}</MetaID></Esri><idinfo><native Sync="TRUE">Microsoft Windows XP Version 5.1 (Build 2600) Service Pack 2; ESRI ArcCatalog 9.1.0.722</native><descript><langdata Sync="TRUE">en</langdata><abstract>REQUIRED: A brief narrative summary of the data set.</abstract><purpose>REQUIRED: A summary of the intentions with which the data set was developed.</purpose></descript><citation><citeinfo><origin>REQUIRED: The name of an organization or individual that developed the data set.</origin><pubdate>REQUIRED: The date when the data set is published or otherwise made available for release.</pubdate><title Sync="TRUE">Building_polygon_Clip</title><ftname Sync="TRUE">Building_polygon_Clip</ftname><geoform Sync="TRUE">vector digital data</geoform><onlink Sync="TRUE">\\DPW\Productie\2306_VH4090VH4494.mdb</onlink></citeinfo></citation><timeperd><current>REQUIRED: The basis on which the time period of content information is determined.</current><timeinfo><sngdate><caldate>REQUIRED: The year (and optionally month, or month and day) for which the data set corresponds to the ground.</caldate></sngdate></timeinfo></timeperd><status><progress>REQUIRED: The state of the data set.</progress><update>REQUIRED: The frequency with which changes and additions are made to the data set after the initial data set is completed.</update></status><spdom><bounding><westbc Sync="TRUE">REQUIRED: Western-most coordinate of the limit of coverage expressed in longitude.</westbc><eastbc Sync="TRUE">REQUIRED: Eastern-most coordinate of the limit of coverage expressed in longitude.</eastbc><northbc Sync="TRUE">REQUIRED: Northern-most coordinate of the limit of coverage expressed in latitude.</northbc><southbc Sync="TRUE">REQUIRED: Southern-most coordinate of the limit of coverage expressed in latitude.</southbc></bounding></spdom><keywords><theme><themekt>REQUIRED: Reference to a formally registered thesaurus or a similar authoritative source of theme keywords.</themekt><themekey>REQUIRED: Common-use word or phrase used to describe the subject of the data set.</themekey></theme></keywords><accconst>REQUIRED: Restrictions and legal prerequisites for accessing the data set.</accconst><useconst>REQUIRED: Restrictions and legal prerequisites for using the data set after access is granted.</useconst><natvform Sync="TRUE">Personal GeoDatabase Feature Class</natvform></idinfo><dataIdInfo><envirDesc Sync="TRUE">Microsoft Windows Server 2008 R2 Version 6.1 (Build 7600) ; ESRI ArcGIS 10.0.2.3200</envirDesc><dataLang><languageCode Sync="TRUE" value="eng" country="USA"></languageCode></dataLang><idCitation><resTitle Sync="TRUE">CO_Building_Pg</resTitle><presForm><PresFormCd Sync="TRUE" value="005"></PresFormCd></presForm></idCitation><spatRpType><SpatRepTypCd Sync="TRUE" value="001"></SpatRepTypCd></spatRpType><descKeys><thesaName uuidref="723f6998-058e-11dc-8314-0800200c9a66"></thesaName><keyword Sync="TRUE">002</keyword></descKeys></dataIdInfo><metainfo><langmeta Sync="TRUE">en</langmeta><metstdn Sync="TRUE">FGDC Content Standards for Digital Geospatial Metadata</metstdn><metstdv Sync="TRUE">FGDC-STD-001-1998</metstdv><mettc Sync="TRUE">local time</mettc><metc><cntinfo><cntorgp><cntper>REQUIRED: The person responsible for the metadata information.</cntper><cntorg>REQUIRED: The organization responsible for the metadata information.</cntorg></cntorgp><cntaddr><addrtype>REQUIRED: The mailing and/or physical address for the organization or individual.</addrtype><city>REQUIRED: The city of the address.</city><state>REQUIRED: The state or province of the address.</state><postal>REQUIRED: The ZIP or other postal code of the address.</postal></cntaddr><cntvoice>REQUIRED: The telephone number by which individuals can speak to the organization or individual.</cntvoice></cntinfo></metc><metd Sync="TRUE">20080111</metd></metainfo><mdLang><languageCode Sync="TRUE" value="eng"></languageCode></mdLang><mdStanName Sync="TRUE">ISO 19115 Geographic Information - Metadata</mdStanName><mdStanVer Sync="TRUE">DIS_ESRI1.0</mdStanVer><mdChar><CharSetCd Sync="TRUE" value="004"></CharSetCd></mdChar><mdHrLv><ScopeCd Sync="TRUE" value="005"></ScopeCd></mdHrLv><mdHrLvName Sync="TRUE">dataset</mdHrLvName><distinfo><resdesc Sync="TRUE">Downloadable Data</resdesc></distinfo><distInfo><distributor><distorTran><onLineSrc><orDesc Sync="TRUE">002</orDesc><linkage Sync="TRUE">file://\\DPW\Productie\2306_VH4090VH4494.mdb</linkage><protocol Sync="TRUE">Local Area Network</protocol></onLineSrc></distorTran><distorFormat><formatName Sync="TRUE">Personal GeoDatabase Feature Class</formatName></distorFormat></distributor><distFormat><formatName Sync="TRUE">Shapefile</formatName></distFormat><distTranOps><transSize Sync="TRUE">0.000</transSize></distTranOps></distInfo><spdoinfo><direct Sync="TRUE">Vector</direct><ptvctinf><esriterm Name="CO_Building_Pg"><efeatyp Sync="TRUE">Simple</efeatyp><efeageom Sync="TRUE">4</efeageom><esritopo Sync="TRUE">FALSE</esritopo><efeacnt Sync="TRUE">0</efeacnt><spindex Sync="TRUE">FALSE</spindex><linrefer Sync="TRUE">FALSE</linrefer></esriterm></ptvctinf></spdoinfo><spref><horizsys><cordsysn><geogcsn Sync="TRUE">GCS_Everest_1830</geogcsn><projcsn Sync="TRUE">Projection95</projcsn></cordsysn><planar><planci><plance Sync="TRUE">coordinate pair</plance><plandu Sync="TRUE">meters</plandu><coordrep><absres Sync="TRUE">0.000326</absres><ordres Sync="TRUE">0.000326</ordres></coordrep></planci></planar><geodetic><horizdn Sync="TRUE">D_Everest_1830</horizdn><ellips Sync="TRUE">Everest_1830</ellips><semiaxis Sync="TRUE">6377299.360000</semiaxis><denflat Sync="TRUE">300.801700</denflat></geodetic></horizsys><vertdef><altsys><altenc Sync="TRUE">Explicit elevation coordinate included with horizontal coordinates</altenc><altres Sync="TRUE">0.000005</altres></altsys></vertdef></spref><refSysInfo><RefSystem><refSysID><identCode Sync="TRUE" code="0">Projection95</identCode></refSysID></RefSystem></refSysInfo><spatRepInfo><VectSpatRep><topLvl><TopoLevCd Sync="TRUE" value="001"></TopoLevCd></topLvl><geometObjs Name="Building_polygon_Clip"><geoObjTyp><GeoObjTypCd Sync="TRUE" value="002"></GeoObjTypCd><geoObjCnt Sync="TRUE">0</geoObjCnt></geoObjTyp><geoObjCnt Sync="TRUE">0</geoObjCnt></geometObjs></VectSpatRep></spatRepInfo><eainfo><detailed Name="CO_Building_Pg"><enttyp><enttypl Sync="TRUE">CO_Building_Pg</enttypl><enttypt Sync="TRUE">Feature Class</enttypt><enttypc Sync="TRUE">0</enttypc></enttyp><attr><attrlabl Sync="TRUE">FID</attrlabl><attalias Sync="TRUE">FID</attalias><attrtype Sync="TRUE">OID</attrtype><attwidth Sync="TRUE">4</attwidth><atprecis Sync="TRUE">0</atprecis><attscale Sync="TRUE">0</attscale><attrdef Sync="TRUE">Internal feature number.</attrdef><attrdefs Sync="TRUE">ESRI</attrdefs><attrdomv><udom Sync="TRUE">Sequential unique whole numbers that are automatically generated.</udom></attrdomv></attr><attr><attrlabl Sync="TRUE">SHAPE</attrlabl><attalias Sync="TRUE">Shape</attalias><attrtype Sync="TRUE">Geometry</attrtype><attwidth Sync="TRUE">0</attwidth><atprecis Sync="TRUE">0</atprecis><attscale Sync="TRUE">0</attscale><attrdef Sync="TRUE">Feature geometry.</attrdef><attrdefs Sync="TRUE">ESRI</attrdefs><attrdomv><udom Sync="TRUE">Coordinates defining the features.</udom></attrdomv></attr><attr><attrlabl Sync="TRUE">BU_Nm</attrlabl><attalias Sync="TRUE">BU_Nm</attalias><attrtype Sync="TRUE">String</attrtype><attwidth Sync="TRUE">50</attwidth><atprecis Sync="TRUE">0</atprecis><attscale Sync="TRUE">0</attscale></attr><attr><attrlabl Sync="TRUE">BU_Lb_meth</attrlabl><attalias Sync="TRUE">BU_Lb_meth</attalias><attrtype Sync="TRUE">String</attrtype><attwidth Sync="TRUE">50</attwidth><atprecis Sync="TRUE">0</atprecis><attscale Sync="TRUE">0</attscale></attr><attr><attrlabl Sync="TRUE">BU_Ye_crea</attrlabl><attalias Sync="TRUE">BU_Ye_crea</attalias><attrtype Sync="TRUE">Integer</attrtype><attwidth Sync="TRUE">9</attwidth><atprecis Sync="TRUE">9</atprecis><attscale Sync="TRUE">0</attscale></attr><attr><attrlabl Sync="TRUE">BU_Lb_me_1</attrlabl><attalias Sync="TRUE">BU_Lb_me_1</attalias><attrtype Sync="TRUE">String</attrtype><attwidth Sync="TRUE">50</attwidth><atprecis Sync="TRUE">0</atprecis><attscale Sync="TRUE">0</attscale></attr><attr><attrlabl Sync="TRUE">BU_Ye_revi</attrlabl><attalias Sync="TRUE">BU_Ye_revi</attalias><attrtype Sync="TRUE">Integer</attrtype><attwidth Sync="TRUE">9</attwidth><atprecis Sync="TRUE">9</atprecis><attscale Sync="TRUE">0</attscale></attr><attr><attrlabl Sync="TRUE">BU_Cd_ID</attrlabl><attalias Sync="TRUE">BU_Cd_ID</attalias><attrtype Sync="TRUE">Integer</attrtype><attwidth Sync="TRUE">9</attwidth><atprecis Sync="TRUE">9</atprecis><attscale Sync="TRUE">0</attscale></attr><attr><attrlabl Sync="TRUE">SHAPE_Leng</attrlabl><attalias Sync="TRUE">SHAPE_Leng</attalias><attrtype Sync="TRUE">Double</attrtype><attwidth Sync="TRUE">19</attwidth><atprecis Sync="TRUE">0</atprecis><attscale Sync="TRUE">0</attscale></attr><attr><attrlabl Sync="TRUE">SHAPE_Area</attrlabl><attalias Sync="TRUE">SHAPE_Area</attalias><attrtype Sync="TRUE">Double</attrtype><attwidth Sync="TRUE">19</attwidth><atprecis Sync="TRUE">0</atprecis><attscale Sync="TRUE">0</attscale><attrdef Sync="TRUE">Area of feature in internal units squared.</attrdef><attrdefs Sync="TRUE">ESRI</attrdefs><attrdomv><udom Sync="TRUE">Positive real numbers that are automatically generated.</udom></attrdomv></attr><attr><attrlabl Sync="TRUE">BU_GFCODE</attrlabl><attalias Sync="TRUE">BU_GFCODE</attalias><attrtype Sync="TRUE">String</attrtype><attwidth Sync="TRUE">5</attwidth><atprecis Sync="TRUE">0</atprecis><attscale Sync="TRUE">0</attscale></attr></detailed></eainfo><mdDateSt Sync="TRUE">20120407</mdDateSt><dataqual><lineage><procstep><procdesc Sync="TRUE">Dataset copied.</procdesc><srcused Sync="TRUE">\\NEC-9321685\E$\JC\Sri Lanka\Mission 3\Model_final.mdb</srcused><date Sync="TRUE">20080219</date><time Sync="TRUE">16441700</time></procstep><procstep><procdesc Sync="TRUE">Dataset copied.</procdesc><srcused Sync="TRUE">\\DPW\Productie\Utile\template\Structure_finale_ETP.mdb</srcused><date Sync="TRUE">20080618</date><time Sync="TRUE">14350200</time></procstep></lineage></dataqual></metadata>
