<?xml version="1.0"?>
<metadata xml:lang="en"><Esri><MetaID>{FBBA3438-8DEE-4DD3-AEE5-2DB37FE0D9FC}</MetaID><CreaDate>20080721</CreaDate><CreaTime>13051900</CreaTime><SyncOnce>FALSE</SyncOnce><DataProperties><lineage><Process ToolSource="C:\Program Files\ArcGIS\ArcToolbox\Toolboxes\Data Management Tools.tbx\Append" Date="20080721" Time="130519">Append F:\Productie\check\mdb\2306_2311\2306_VH4590VH4794.mdb\Dataset2_Update\HY_Hydro_Li F:\Productie\check\2306.mdb\Dataset2_Update\HY_Hydro_Li TEST F:\Productie\check\2306.mdb\Dataset2_Update\HY_Hydro_Li</Process><Process ToolSource="C:\Program Files\ArcGIS\ArcToolbox\Toolboxes\Data Management Tools.tbx\Append" Date="20080722" Time="092944">Append F:\Productie\check\mdb\2306_2311\2311_VH4085VH4189.mdb\Dataset2_Update\HY_Hydro_Li F:\Productie\check\2306_2311.mdb\Dataset2_Update\HY_Hydro_Li TEST F:\Productie\check\2306_2311.mdb\Dataset2_Update\HY_Hydro_Li</Process><Process ToolSource="C:\Program Files\ArcGIS\ArcToolbox\Toolboxes\Data Management Tools.tbx\Append" Date="20080722" Time="093147">Append F:\Productie\check\mdb\2306_2311\2311_VH4285VH4389.mdb\Dataset2_Update\HY_Hydro_Li F:\Productie\check\2306_2311.mdb\Dataset2_Update\HY_Hydro_Li TEST F:\Productie\check\2306_2311.mdb\Dataset2_Update\HY_Hydro_Li</Process><Process ToolSource="C:\Program Files\ArcGIS\ArcToolbox\Toolboxes\Data Management Tools.tbx\Append" Date="20080722" Time="115024">Append F:\Productie\check\mdb\2306_2311\2311_VH4485VH4589.mdb\Dataset2_Update\HY_Hydro_Li F:\Productie\check\2306_2311.mdb\Dataset2_Update\HY_Hydro_Li TEST F:\Productie\check\2306_2311.mdb\Dataset2_Update\HY_Hydro_Li</Process><Process ToolSource="C:\Program Files\ArcGIS\ArcToolbox\Toolboxes\Data Management Tools.tbx\Append" Date="20080722" Time="134225">Append F:\Productie\check\mdb\2306_2311\2311_VH4685VH4789.mdb\Dataset2_Update\HY_Hydro_Li F:\Productie\check\2306_2311.mdb\Dataset2_Update\HY_Hydro_Li TEST F:\Productie\check\2306_2311.mdb\Dataset2_Update\HY_Hydro_Li</Process><Process ToolSource="C:\Program Files\ArcGIS\ArcToolbox\Toolboxes\Data Management Tools.tbx\Append" Date="20080722" Time="143120">Append F:\Productie\bkp\1825_2301\1820_2301.mdb\Dataset2_Update\HY_Hydro_Li F:\Productie\check\1820_2311.mdb\Dataset2_Update\HY_Hydro_Li TEST F:\Productie\check\1820_2311.mdb\Dataset2_Update\HY_Hydro_Li</Process><Process ToolSource="C:\Program Files\ArcGIS\ArcToolbox\Toolboxes\Data Management Tools.tbx\Append" Date="20080723" Time="082908">Append F:\Productie\asamblate\bloc_3\2316_3314\2316_3314.mdb\Dataset2_Update\HY_Hydro_Li F:\Productie\asamblate\bloc_3\SIIRM_bloc3_E.mdb\Dataset2_Update\HY_Hydro_Li TEST F:\Productie\asamblate\bloc_3\SIIRM_bloc3_E.mdb\Dataset2_Update\HY_Hydro_Li</Process><Process ToolSource="C:\Program Files\ArcGIS\ArcToolbox\Toolboxes\Data Management Tools.tbx\SelectData" Date="20090922" Time="112734">SelectData E:\DATA\GeoDB\Rajapaksha\10K_SH55.mdb\Working_Personal_dataset HY_Hydro_Li E:\DATA\GeoDB\Rajapaksha\10K_SH55.mdb\Working_Personal_dataset\HY_Hydro_Li</Process><Process ToolSource="C:\Program Files\ArcGIS\ArcToolbox\Toolboxes\Data Management Tools.tbx\DeleteFeatures" Date="20090922" Time="112734">DeleteFeatures E:\DATA\GeoDB\Rajapaksha\10K_SH55.mdb\Working_Personal_dataset\HY_Hydro_Li E:\DATA\GeoDB\Rajapaksha\10K_SH55.mdb\Working_Personal_dataset\HY_Hydro_Li</Process><Process ToolSource="C:\Program Files\ArcGIS\ArcToolbox\Toolboxes\Data Management Tools.tbx\Append" Date="20090922" Time="112737">Append E:\DATA\GeoDB\Rajapaksha\10K_SH55.mdb\Dataset_Conversion\Hydro_arc_t E:\DATA\GeoDB\Rajapaksha\10K_SH55.mdb\Working_Personal_dataset\HY_Hydro_Li NO_TEST "HL_Tp_Hydro_line 'Type' false false false 0 Long 0 2 ,First,#,E:\DATA\GeoDB\Rajapaksha\10K_SH55.mdb\Dataset_Conversion\Hydro_arc_t,waterline_type,-1,-1;HL_Tp_Hydro_line_2 'Subtype' false false false 0 Long 0 50 ,First,#,E:\DATA\GeoDB\Rajapaksha\10K_SH55.mdb\Dataset_Conversion\Hydro_arc_t,GFCODE,-1,-1;HL_Lb_method_creation 'Method' false false true 0 Long 50 0 ,First,#;HL_Ye_creation 'Year' false false true 0 Long 4 0 ,First,#,E:\DATA\GeoDB\Rajapaksha\10K_SH55.mdb\Dataset_Conversion\Hydro_arc_t,YEAR_,-1,-1;HL_Lb_method_revision 'Method' false false true 0 Long 50 0 ,First,#;HL_Ye_revision 'HL_Ye_revision' true true false 4 Long 0 0 ,First,#;HL_Cd_GFCODE 'GFCODE' true true false 50 Text 0 0 ,First,#,E:\DATA\GeoDB\Rajapaksha\10K_SH55.mdb\Dataset_Conversion\Hydro_arc_t,GFCODE,-1,-1;HL_Cd_ID 'Hydro' false false true 0 Long 4 0 ,First,#;HL_Nm_Hydro_Line 'Name' false false false 0 Long 0 50 ,First,#,E:\DATA\GeoDB\Rajapaksha\10K_SH55.mdb\Dataset_Conversion\Hydro_arc_t,NAME,-1,-1;SHAPE_Length 'SHAPE_Length' false true true 8 Double 0 0 ,First,#,E:\DATA\GeoDB\Rajapaksha\10K_SH55.mdb\Dataset_Conversion\Hydro_arc_t,Shape_Length,-1,-1" # E:\DATA\GeoDB\Rajapaksha\10K_SH55.mdb\Working_Personal_dataset\HY_Hydro_Li</Process><Process ToolSource="C:\Program Files\ArcGIS\ArcToolbox\Toolboxes\Data Management Tools.tbx\CalculateField" Date="20090922" Time="112740">CalculateField E:\DATA\GeoDB\Rajapaksha\10K_SH55.mdb\Working_Personal_dataset\HY_Hydro_Li HL_Lb_method_creation 8 VB # E:\DATA\GeoDB\Rajapaksha\10K_SH55.mdb\Working_Personal_dataset\HY_Hydro_Li</Process><Process ToolSource="C:\Program Files\ArcGIS\ArcToolbox\Toolboxes\Data Management Tools.tbx\DeleteFeatures" Date="20091009" Time="123423">DeleteFeatures E:\TDB\10K\10K_Empty.mdb\Working_Personal_dataset\HY_Hydro_Li E:\TDB\10K\10K_Empty.mdb\Working_Personal_dataset\HY_Hydro_Li</Process><Process ToolSource="C:\Program Files\ArcGIS\ArcToolbox\Toolboxes\Data Management Tools.tbx\SelectData" Date="20100614" Time="082750">SelectData D:\10K_GeoDB\10K_SH59.mdb\Working_Personal_dataset HY_Hydro_Li D:\10K_GeoDB\10K_SH59.mdb\Working_Personal_dataset\HY_Hydro_Li</Process><Process ToolSource="C:\Program Files\ArcGIS\ArcToolbox\Toolboxes\Data Management Tools.tbx\DeleteFeatures" Date="20100614" Time="082750">DeleteFeatures D:\10K_GeoDB\10K_SH59.mdb\Working_Personal_dataset\HY_Hydro_Li D:\10K_GeoDB\10K_SH59.mdb\Working_Personal_dataset\HY_Hydro_Li</Process><Process ToolSource="C:\Program Files\ArcGIS\ArcToolbox\Toolboxes\Data Management Tools.tbx\Append" Date="20100614" Time="082752">Append D:\10K_GeoDB\10K_SH59.mdb\Dataset_Conversion\Hydro_arc_t D:\10K_GeoDB\10K_SH59.mdb\Working_Personal_dataset\HY_Hydro_Li NO_TEST "HL_Tp_Hydro_line 'Type' false false false 0 Long 0 2 ,First,#,D:\10K_GeoDB\10K_SH59.mdb\Dataset_Conversion\Hydro_arc_t,waterline_type,-1,-1;HL_Tp_Hydro_line_2 'Subtype' false false false 0 Long 0 50 ,First,#,D:\10K_GeoDB\10K_SH59.mdb\Dataset_Conversion\Hydro_arc_t,GFCODE,-1,-1;HL_Lb_method_creation 'Method' false false true 0 Long 50 0 ,First,#;HL_Ye_creation 'Year' false false true 0 Long 4 0 ,First,#,D:\10K_GeoDB\10K_SH59.mdb\Dataset_Conversion\Hydro_arc_t,YEAR_,-1,-1;HL_Lb_method_revision 'Method' false false true 0 Long 50 0 ,First,#;HL_Ye_revision 'HL_Ye_revision' true true false 4 Long 0 0 ,First,#;HL_Cd_GFCODE 'GFCODE' true true false 50 Text 0 0 ,First,#,D:\10K_GeoDB\10K_SH59.mdb\Dataset_Conversion\Hydro_arc_t,GFCODE,-1,-1;HL_Cd_ID 'Hydro' false false true 0 Long 4 0 ,First,#;HL_Nm_Hydro_Line 'Name' false false false 0 Long 0 50 ,First,#,D:\10K_GeoDB\10K_SH59.mdb\Dataset_Conversion\Hydro_arc_t,NAME,-1,-1;SHAPE_Length 'SHAPE_Length' false true true 8 Double 0 0 ,First,#,D:\10K_GeoDB\10K_SH59.mdb\Dataset_Conversion\Hydro_arc_t,Shape_Length,-1,-1" # D:\10K_GeoDB\10K_SH59.mdb\Working_Personal_dataset\HY_Hydro_Li</Process><Process ToolSource="C:\Program Files\ArcGIS\ArcToolbox\Toolboxes\Data Management Tools.tbx\CalculateField" Date="20100614" Time="082752">CalculateField D:\10K_GeoDB\10K_SH59.mdb\Working_Personal_dataset\HY_Hydro_Li HL_Lb_method_creation 8 VB # D:\10K_GeoDB\10K_SH59.mdb\Working_Personal_dataset\HY_Hydro_Li</Process><Process ToolSource="C:\Program Files\ArcGIS\ArcToolbox\Toolboxes\Data Management Tools.tbx\Append" Date="20100709" Time="082629">Append D:\10K_GeoDB\10K_SH59_Part.mdb\Working_Personal_dataset\HY_Hydro_Li D:\10K_GeoDB\10K_GeoDB_Final_2010\10K_SH59_GeoDB.mdb\Working_Personal_dataset\HY_Hydro_Li NO_TEST "HL_Tp_Hydro_line 'Type of Hydro line' true true false 2 Short 0 0 ,First,#,D:\10K_GeoDB\10K_SH59_Part.mdb\Working_Personal_dataset\HY_Hydro_Li,HL_Tp_Hydro_line,-1,-1;HL_Tp_Hydro_line_2 'Subtype of Hydro line' true true false 50 Text 0 0 ,First,#,D:\10K_GeoDB\10K_SH59_Part.mdb\Working_Personal_dataset\HY_Hydro_Li,HL_Tp_Hydro_line_2,-1,-1;HL_Lb_method_creation 'Method of creation' true true false 50 Text 0 0 ,First,#,D:\10K_GeoDB\10K_SH59_Part.mdb\Working_Personal_dataset\HY_Hydro_Li,HL_Lb_method_creation,-1,-1;HL_Ye_creation 'Year of creation' true true false 4 Long 0 0 ,First,#,D:\10K_GeoDB\10K_SH59_Part.mdb\Working_Personal_dataset\HY_Hydro_Li,HL_Ye_creation,-1,-1;HL_Lb_method_revision 'Method of revision' true true false 50 Text 0 0 ,First,#,D:\10K_GeoDB\10K_SH59_Part.mdb\Working_Personal_dataset\HY_Hydro_Li,HL_Lb_method_revision,-1,-1;HL_Ye_revision 'HL_Ye_revision' true true false 4 Long 0 0 ,First,#,D:\10K_GeoDB\10K_SH59_Part.mdb\Working_Personal_dataset\HY_Hydro_Li,HL_Ye_revision,-1,-1;HL_Cd_GFCODE 'GFCODE' true true false 50 Text 0 0 ,First,#,D:\10K_GeoDB\10K_SH59_Part.mdb\Working_Personal_dataset\HY_Hydro_Li,HL_Cd_GFCODE,-1,-1;HL_Cd_ID 'Hydro line ID' true true false 4 Long 0 0 ,First,#,D:\10K_GeoDB\10K_SH59_Part.mdb\Working_Personal_dataset\HY_Hydro_Li,HL_Cd_ID,-1,-1;HL_Nm_Hydro_Line 'Name of Hydro Line' true true false 50 Text 0 0 ,First,#,D:\10K_GeoDB\10K_SH59_Part.mdb\Working_Personal_dataset\HY_Hydro_Li,HL_Nm_Hydro_Line,-1,-1;SHAPE_Length 'SHAPE_Length' false true true 8 Double 0 0 ,First,#,D:\10K_GeoDB\10K_SH59_Part.mdb\Working_Personal_dataset\HY_Hydro_Li,SHAPE_Length,-1,-1" # D:\10K_GeoDB\10K_GeoDB_Final_2010\10K_SH59_GeoDB.mdb\Working_Personal_dataset\HY_Hydro_Li</Process><Process ToolSource="C:\Program Files\ArcGIS\ArcToolbox\Toolboxes\Data Management Tools.tbx\Append" Date="20100714" Time="100649">Append D:\10K_GeoDB\10K_SH59N.mdb\Working_Personal_dataset\HY_Hydro_Li D:\10K_GeoDB\10K_SH59_GeoDB_New.mdb\Working_Personal_dataset\HY_Hydro_Li NO_TEST "HL_Tp_Hydro_line 'Type of Hydro line' true true false 2 Short 0 0 ,First,#,D:\10K_GeoDB\10K_SH59N.mdb\Working_Personal_dataset\HY_Hydro_Li,HL_Tp_Hydro_line,-1,-1;HL_Tp_Hydro_line_2 'Subtype of Hydro line' true true false 50 Text 0 0 ,First,#,D:\10K_GeoDB\10K_SH59N.mdb\Working_Personal_dataset\HY_Hydro_Li,HL_Tp_Hydro_line_2,-1,-1;HL_Lb_method_creation 'Method of creation' true true false 50 Text 0 0 ,First,#,D:\10K_GeoDB\10K_SH59N.mdb\Working_Personal_dataset\HY_Hydro_Li,HL_Lb_method_creation,-1,-1;HL_Ye_creation 'Year of creation' true true false 4 Long 0 0 ,First,#,D:\10K_GeoDB\10K_SH59N.mdb\Working_Personal_dataset\HY_Hydro_Li,HL_Ye_creation,-1,-1;HL_Lb_method_revision 'Method of revision' true true false 50 Text 0 0 ,First,#,D:\10K_GeoDB\10K_SH59N.mdb\Working_Personal_dataset\HY_Hydro_Li,HL_Lb_method_revision,-1,-1;HL_Ye_revision 'HL_Ye_revision' true true false 4 Long 0 0 ,First,#,D:\10K_GeoDB\10K_SH59N.mdb\Working_Personal_dataset\HY_Hydro_Li,HL_Ye_revision,-1,-1;HL_Cd_GFCODE 'GFCODE' true true false 50 Text 0 0 ,First,#,D:\10K_GeoDB\10K_SH59N.mdb\Working_Personal_dataset\HY_Hydro_Li,HL_Cd_GFCODE,-1,-1;HL_Cd_ID 'Hydro line ID' true true false 4 Long 0 0 ,First,#,D:\10K_GeoDB\10K_SH59N.mdb\Working_Personal_dataset\HY_Hydro_Li,HL_Cd_ID,-1,-1;HL_Nm_Hydro_Line 'Name of Hydro Line' true true false 50 Text 0 0 ,First,#,D:\10K_GeoDB\10K_SH59N.mdb\Working_Personal_dataset\HY_Hydro_Li,HL_Nm_Hydro_Line,-1,-1;SHAPE_Length 'SHAPE_Length' false true true 8 Double 0 0 ,First,#,D:\10K_GeoDB\10K_SH59N.mdb\Working_Personal_dataset\HY_Hydro_Li,SHAPE_Length,-1,-1" # D:\10K_GeoDB\10K_SH59_GeoDB_New.mdb\Working_Personal_dataset\HY_Hydro_Li</Process><Process ToolSource="C:\Program Files (x86)\ArcGIS\Desktop10.0\ArcToolbox\Toolboxes\Analysis Tools.tbx\Erase" Date="20110922" Time="171805">Erase D:\SH59\10K_SH59_GeoDB_To_Chamari.mdb\Working_Personal_dataset\HY_Hydro_Li D:\SH59\5903.shp D:\SH59\10K_59_New.mdb\Working_Personal_dataset\HY_Hydro_Li1 #</Process><Process ToolSource="C:\Program Files (x86)\ArcGIS\Desktop10.0\ArcToolbox\Toolboxes\Conversion Tools.tbx\FeatureClassToFeatureClass" Date="20110922" Time="172628">FeatureClassToFeatureClass D:\SH59\10K_59_New.mdb\Working_Personal_dataset\HY_Hydro_Li1 D:\SH59\10K_SH59_GeoDB_To_Chamari.mdb\Working_Personal_dataset HY_Hydro_Li # "HL_Tp_Hydro_line "Type of Hydro line" true true false 2 Short 0 0 ,First,#,D:\SH59\10K_59_New.mdb\Working_Personal_dataset\HY_Hydro_Li1,HL_Tp_Hydro_line,-1,-1;HL_Tp_Hydro_line_2 "Subtype of Hydro line" true true false 50 Text 0 0 ,First,#,D:\SH59\10K_59_New.mdb\Working_Personal_dataset\HY_Hydro_Li1,HL_Tp_Hydro_line_2,-1,-1;HL_Lb_method_creation "Method of creation" true true false 50 Text 0 0 ,First,#,D:\SH59\10K_59_New.mdb\Working_Personal_dataset\HY_Hydro_Li1,HL_Lb_method_creation,-1,-1;HL_Ye_creation "Year of creation" true true false 4 Long 0 0 ,First,#,D:\SH59\10K_59_New.mdb\Working_Personal_dataset\HY_Hydro_Li1,HL_Ye_creation,-1,-1;HL_Lb_method_revision "Method of revision" true true false 50 Text 0 0 ,First,#,D:\SH59\10K_59_New.mdb\Working_Personal_dataset\HY_Hydro_Li1,HL_Lb_method_revision,-1,-1;HL_Ye_revision "HL_Ye_revision" true true false 4 Long 0 0 ,First,#,D:\SH59\10K_59_New.mdb\Working_Personal_dataset\HY_Hydro_Li1,HL_Ye_revision,-1,-1;HL_Cd_GFCODE "GFCODE" true true false 50 Text 0 0 ,First,#,D:\SH59\10K_59_New.mdb\Working_Personal_dataset\HY_Hydro_Li1,HL_Cd_GFCODE,-1,-1;HL_Cd_ID "Hydro line ID" true true false 4 Long 0 0 ,First,#,D:\SH59\10K_59_New.mdb\Working_Personal_dataset\HY_Hydro_Li1,HL_Cd_ID,-1,-1;HL_Nm_Hydro_Line "Name of Hydro Line" true true false 50 Text 0 0 ,First,#,D:\SH59\10K_59_New.mdb\Working_Personal_dataset\HY_Hydro_Li1,HL_Nm_Hydro_Line,-1,-1;SHAPE_Length "SHAPE_Length" false true true 8 Double 0 0 ,First,#,D:\SH59\10K_59_New.mdb\Working_Personal_dataset\HY_Hydro_Li1,SHAPE_Length,-1,-1" #</Process><Process ToolSource="C:\Program Files\ArcGIS\Desktop10.0\ArcToolbox\Toolboxes\Analysis Tools.tbx\Erase" Date="20120309" Time="141455">Erase HY_Hydro_Li G:\Working_GIS20\My_Editing\SH_59_REVISION_Googale\5915.mdb\Working_Personal_dataset\CA_Tile_Pg G:\Working_GIS20\My_Editing\SH_59_REVISION_Googale\10K_SH59_GeoDB_22092011.mdb\Working_Personal_dataset\HY_Hydro_Li_NEW #</Process><Process ToolSource="C:\Program Files\ArcGIS\Desktop10.0\ArcToolbox\Toolboxes\Analysis Tools.tbx\Erase" Date="20120313" Time="084113">Erase G:\Working_GIS20\My_Editing\SH_59_REVISION_Googale\10K_SH59_GeoDB_22092011.mdb\Working_Personal_dataset\HY_Hydro_LI_O Grid_10K5919 G:\Working_GIS20\My_Editing\SH_59_REVISION_Googale\10K_SH59_GeoDB_22092011.mdb\Working_Personal_dataset\HY_Hydro_LI_New #</Process><Process ToolSource="D:\Program Files\ArcGIS\Desktop10.0\ArcToolbox\Toolboxes\Analysis Tools.tbx\Clip" Date="20120407" Time="212348">Clip D:\TopoDB\Topo_10K\10K_GeoDB_Final_2011\10K_SH59_GeoDB_22092011.mdb\Working_Personal_dataset\HY_Hydro_Li E:\DATA\Request\591\window.shp E:\Temp_Files\HY_Hydro_Li.shp #</Process><Process ToolSource="D:\Program Files\ArcGIS\Desktop10.0\ArcToolbox\Toolboxes\Data Management Tools.tbx\AddField" Date="20120407" Time="212403">AddField E:\Temp_Files\HY_Hydro_Li.shp HL_GFCODE TEXT # # 5 # NON_NULLABLE NON_REQUIRED #</Process><Process ToolSource="D:\Program Files\ArcGIS\Desktop10.0\ArcToolbox\Toolboxes\Data Management Tools.tbx\CalculateField" Date="20120407" Time="212404">CalculateField E:\Temp_Files\HY_Hydro_Li.shp HL_GFCODE [HL_Tp_Hy_1] VB #</Process><Process ToolSource="D:\Program Files\ArcGIS\Desktop10.0\ArcToolbox\Toolboxes\Data Management Tools.tbx\DeleteField" Date="20120407" Time="212404">DeleteField E:\Temp_Files\HY_Hydro_Li.shp HL_Cd_GFCO;HL_Tp_Hy_1</Process><Process ToolSource="D:\Program Files\ArcGIS\Desktop10.0\ArcToolbox\Toolboxes\Conversion Tools.tbx\FeatureClassToFeatureClass" Date="20120407" Time="212407">FeatureClassToFeatureClass E:\Temp_Files\HY_Hydro_Li.shp E:\DATA\Request\591 HY_Hydro_Li.shp # "HL_Tp_Hydr "HL_Tp_Hydr" true true false 4 Short 0 4 ,First,#,E:\Temp_Files\HY_Hydro_Li.shp,HL_Tp_Hydr,-1,-1;HL_Lb_meth "HL_Lb_meth" true true false 50 Text 0 0 ,First,#,E:\Temp_Files\HY_Hydro_Li.shp,HL_Lb_meth,-1,-1;HL_Ye_crea "HL_Ye_crea" true true false 9 Long 0 9 ,First,#,E:\Temp_Files\HY_Hydro_Li.shp,HL_Ye_crea,-1,-1;HL_Lb_me_1 "HL_Lb_me_1" true true false 50 Text 0 0 ,First,#,E:\Temp_Files\HY_Hydro_Li.shp,HL_Lb_me_1,-1,-1;HL_Ye_revi "HL_Ye_revi" true true false 9 Long 0 9 ,First,#,E:\Temp_Files\HY_Hydro_Li.shp,HL_Ye_revi,-1,-1;HL_Cd_ID "HL_Cd_ID" true true false 9 Long 0 9 ,First,#,E:\Temp_Files\HY_Hydro_Li.shp,HL_Cd_ID,-1,-1;HL_Nm_Hydr "HL_Nm_Hydr" true true false 50 Text 0 0 ,First,#,E:\Temp_Files\HY_Hydro_Li.shp,HL_Nm_Hydr,-1,-1;Shape_Leng "Shape_Leng" true true false 19 Double 0 0 ,First,#,E:\Temp_Files\HY_Hydro_Li.shp,Shape_Leng,-1,-1;HL_GFCODE "HL_GFCODE" true true false 5 Text 0 0 ,First,#,E:\Temp_Files\HY_Hydro_Li.shp,HL_GFCODE,-1,-1" #</Process></lineage><itemProps><itemName Sync="TRUE">HY_Hydro_Li</itemName><imsContentType Sync="TRUE">002</imsContentType><itemLocation><linkage Sync="TRUE">file://\\4520S-HP\E$\DATA\Request\591\HY_Hydro_Li.shp</linkage><protocol Sync="TRUE">Local Area Network</protocol></itemLocation><itemSize Sync="TRUE">0.000</itemSize></itemProps><coordRef><type Sync="TRUE">Projected</type><geogcsn Sync="TRUE">GCS_Everest_1830</geogcsn><projcsn Sync="TRUE">Projection95</projcsn><peXml Sync="TRUE">&lt;ProjectedCoordinateSystem xsi:type='typens:ProjectedCoordinateSystem' xmlns:xsi='http://www.w3.org/2001/XMLSchema-instance' xmlns:xs='http://www.w3.org/2001/XMLSchema' xmlns:typens='http://www.esri.com/schemas/ArcGIS/10.0'&gt;&lt;WKT&gt;PROJCS[&amp;quot;Projection95&amp;quot;,GEOGCS[&amp;quot;GCS_Everest_1830&amp;quot;,DATUM[&amp;quot;D_Everest_1830&amp;quot;,SPHEROID[&amp;quot;Everest_1830&amp;quot;,6377299.36,300.8017]],PRIMEM[&amp;quot;Greenwich&amp;quot;,0.0],UNIT[&amp;quot;Degree&amp;quot;,0.0174532925199433]],PROJECTION[&amp;quot;Transverse_Mercator&amp;quot;],PARAMETER[&amp;quot;False_Easting&amp;quot;,200000.0],PARAMETER[&amp;quot;False_Northing&amp;quot;,200000.0],PARAMETER[&amp;quot;Central_Meridian&amp;quot;,80.7717111111111],PARAMETER[&amp;quot;Scale_Factor&amp;quot;,0.9999238418],PARAMETER[&amp;quot;Latitude_Of_Origin&amp;quot;,7.0004802778],UNIT[&amp;quot;Meter&amp;quot;,1.0]]&lt;/WKT&gt;&lt;XOrigin&gt;-5422000&lt;/XOrigin&gt;&lt;YOrigin&gt;-10574200&lt;/YOrigin&gt;&lt;XYScale&gt;450350955.71793514&lt;/XYScale&gt;&lt;ZOrigin&gt;-100000&lt;/ZOrigin&gt;&lt;ZScale&gt;10000&lt;/ZScale&gt;&lt;MOrigin&gt;-100000&lt;/MOrigin&gt;&lt;MScale&gt;10000&lt;/MScale&gt;&lt;XYTolerance&gt;0.001&lt;/XYTolerance&gt;&lt;ZTolerance&gt;0.001&lt;/ZTolerance&gt;&lt;MTolerance&gt;0.001&lt;/MTolerance&gt;&lt;HighPrecision&gt;true&lt;/HighPrecision&gt;&lt;/ProjectedCoordinateSystem&gt;</peXml></coordRef></DataProperties><SyncDate>20120407</SyncDate><SyncTime>21240700</SyncTime><ModDate>20120407</ModDate><ModTime>21240700</ModTime></Esri><dataIdInfo><envirDesc Sync="TRUE">Microsoft Windows Server 2008 R2 Version 6.1 (Build 7600) ; ESRI ArcGIS 10.0.2.3200</envirDesc><dataLang><languageCode value="eng" country="USA"></languageCode></dataLang><idCitation><resTitle Sync="TRUE">HY_Hydro_Li</resTitle><presForm><PresFormCd value="005"></PresFormCd></presForm></idCitation><descKeys><thesaName uuidref="723f6998-058e-11dc-8314-0800200c9a66"></thesaName><keyword Sync="TRUE">002</keyword></descKeys><spatRpType><SpatRepTypCd value="001"></SpatRepTypCd></spatRpType></dataIdInfo><mdLang><languageCode value="eng"></languageCode></mdLang><distInfo><distFormat><formatName Sync="TRUE">Shapefile</formatName></distFormat><distTranOps><transSize Sync="TRUE">0.000</transSize></distTranOps></distInfo><mdHrLv><ScopeCd value="005"></ScopeCd></mdHrLv><mdHrLvName Sync="TRUE">dataset</mdHrLvName><refSysInfo><RefSystem><refSysID><identCode code="0"></identCode></refSysID></RefSystem></refSysInfo><spdoinfo><ptvctinf><esriterm Name="HY_Hydro_Li"><efeatyp Sync="TRUE">Simple</efeatyp><efeageom Sync="TRUE">3</efeageom><esritopo Sync="TRUE">FALSE</esritopo><efeacnt Sync="TRUE">0</efeacnt><spindex Sync="TRUE">FALSE</spindex><linrefer Sync="TRUE">FALSE</linrefer></esriterm></ptvctinf></spdoinfo><spatRepInfo><VectSpatRep><topLvl><TopoLevCd value="001"></TopoLevCd></topLvl><geometObjs><geoObjTyp><GeoObjTypCd value="002"></GeoObjTypCd><geoObjCnt Sync="TRUE">0</geoObjCnt></geoObjTyp></geometObjs></VectSpatRep></spatRepInfo><eainfo><detailed Name="HY_Hydro_Li"><enttyp><enttypl Sync="TRUE">HY_Hydro_Li</enttypl><enttypt Sync="TRUE">Feature Class</enttypt><enttypc Sync="TRUE">0</enttypc></enttyp><attr><attrlabl Sync="TRUE">SHAPE</attrlabl><attalias Sync="TRUE">Shape</attalias><attrtype Sync="TRUE">Geometry</attrtype><attwidth Sync="TRUE">0</attwidth><atprecis Sync="TRUE">0</atprecis><attscale Sync="TRUE">0</attscale><attrdef Sync="TRUE">Feature geometry.</attrdef><attrdefs Sync="TRUE">ESRI</attrdefs><attrdomv><udom Sync="TRUE">Coordinates defining the features.</udom></attrdomv></attr><attr><attrlabl Sync="TRUE">HL_Cd_ID</attrlabl><attalias Sync="TRUE">HL_Cd_ID</attalias><attrtype Sync="TRUE">Integer</attrtype><attwidth Sync="TRUE">9</attwidth><atprecis Sync="TRUE">9</atprecis><attscale Sync="TRUE">0</attscale></attr><subtype><stname Sync="TRUE">Water centerline</stname><stcode Sync="TRUE">1</stcode><stfield><stfldnm Sync="TRUE">HL_Tp_Hydro_line</stfldnm><stflddv Sync="TRUE">1</stflddv><stflddd><domname Sync="TRUE">Waterline_Type</domname><domdesc Sync="TRUE">Type of Waterline</domdesc><domtype Sync="TRUE">Coded Value</domtype><mrgtype Sync="TRUE">Default value</mrgtype><splttype Sync="TRUE">Duplicate</splttype><domowner Sync="TRUE"></domowner><domfldtp Sync="TRUE">SmallInteger</domfldtp></stflddd></stfield><stfield><stfldnm Sync="TRUE">HL_Tp_Hydro_line_2</stfldnm><stflddv Sync="TRUE">STRML</stflddv><stflddd><domname Sync="TRUE">WaterCenterLine_Subtype</domname><domdesc Sync="TRUE">Subtype of WaterCenterLine</domdesc><domtype Sync="TRUE">Coded Value</domtype><mrgtype Sync="TRUE">Default value</mrgtype><splttype Sync="TRUE">Duplicate</splttype><domowner Sync="TRUE"></domowner><domfldtp Sync="TRUE">String</domfldtp></stflddd></stfield><stfield><stfldnm Sync="TRUE">HL_Lb_method_creation</stfldnm><stflddv Sync="TRUE">8</stflddv><stflddd><domname Sync="TRUE">Method_creation</domname><domdesc Sync="TRUE">Method of creation of the mapsheet</domdesc><domtype Sync="TRUE">Coded Value</domtype><mrgtype Sync="TRUE">Default value</mrgtype><splttype Sync="TRUE">Duplicate</splttype><domowner Sync="TRUE"></domowner><domfldtp Sync="TRUE">String</domfldtp></stflddd></stfield><stfield><stfldnm Sync="TRUE">HL_Lb_method_revision</stfldnm><stflddv Sync="TRUE">3</stflddv><stflddd><domname Sync="TRUE">Method_revision</domname><domdesc Sync="TRUE">Method of revision of the mapsheet</domdesc><domtype Sync="TRUE">Coded Value</domtype><mrgtype Sync="TRUE">Default value</mrgtype><splttype Sync="TRUE">Duplicate</splttype><domowner Sync="TRUE"></domowner><domfldtp Sync="TRUE">String</domfldtp></stflddd></stfield><stfield><stfldnm Sync="TRUE">HL_Ye_revision</stfldnm><stflddv Sync="TRUE">2008</stflddv></stfield></subtype><attr><attrlabl Sync="TRUE">FID</attrlabl><attalias Sync="TRUE">FID</attalias><attrtype Sync="TRUE">OID</attrtype><attwidth Sync="TRUE">4</attwidth><atprecis Sync="TRUE">0</atprecis><attscale Sync="TRUE">0</attscale><attrdef Sync="TRUE">Internal feature number.</attrdef><attrdefs Sync="TRUE">ESRI</attrdefs><attrdomv><udom Sync="TRUE">Sequential unique whole numbers that are automatically generated.</udom></attrdomv></attr><subtype><stname Sync="TRUE">Waterarea boundary</stname><stcode Sync="TRUE">2</stcode><stfield><stfldnm Sync="TRUE">HL_Tp_Hydro_line</stfldnm><stflddv Sync="TRUE">1</stflddv><stflddd><domname Sync="TRUE">Waterline_Type</domname><domdesc Sync="TRUE">Type of Waterline</domdesc><domtype Sync="TRUE">Coded Value</domtype><mrgtype Sync="TRUE">Default value</mrgtype><splttype Sync="TRUE">Duplicate</splttype><domowner Sync="TRUE"></domowner><domfldtp Sync="TRUE">SmallInteger</domfldtp></stflddd></stfield><stfield><stfldnm Sync="TRUE">HL_Tp_Hydro_line_2</stfldnm><stflddv Sync="TRUE">STRML</stflddv><stflddd><domname Sync="TRUE">WaterBoundary_Subtype</domname><domdesc Sync="TRUE">Subtype of WaterArea Boundary</domdesc><domtype Sync="TRUE">Coded Value</domtype><mrgtype Sync="TRUE">Default value</mrgtype><splttype Sync="TRUE">Duplicate</splttype><domowner Sync="TRUE"></domowner><domfldtp Sync="TRUE">String</domfldtp></stflddd></stfield><stfield><stfldnm Sync="TRUE">HL_Lb_method_creation</stfldnm><stflddv Sync="TRUE">8</stflddv><stflddd><domname Sync="TRUE">Method_creation</domname><domdesc Sync="TRUE">Method of creation of the mapsheet</domdesc><domtype Sync="TRUE">Coded Value</domtype><mrgtype Sync="TRUE">Default value</mrgtype><splttype Sync="TRUE">Duplicate</splttype><domowner Sync="TRUE"></domowner><domfldtp Sync="TRUE">String</domfldtp></stflddd></stfield><stfield><stfldnm Sync="TRUE">HL_Lb_method_revision</stfldnm><stflddv Sync="TRUE">3</stflddv><stflddd><domname Sync="TRUE">Method_revision</domname><domdesc Sync="TRUE">Method of revision of the mapsheet</domdesc><domtype Sync="TRUE">Coded Value</domtype><mrgtype Sync="TRUE">Default value</mrgtype><splttype Sync="TRUE">Duplicate</splttype><domowner Sync="TRUE"></domowner><domfldtp Sync="TRUE">String</domfldtp></stflddd></stfield><stfield><stfldnm Sync="TRUE">HL_Ye_revision</stfldnm><stflddv Sync="TRUE">2008</stflddv></stfield></subtype><attr><attrlabl Sync="TRUE">HL_Tp_Hydr</attrlabl><attalias Sync="TRUE">HL_Tp_Hydr</attalias><attrtype Sync="TRUE">SmallInteger</attrtype><attwidth Sync="TRUE">4</attwidth><atprecis Sync="TRUE">4</atprecis><attscale Sync="TRUE">0</attscale></attr><attr><attrlabl Sync="TRUE">HL_Lb_meth</attrlabl><attalias Sync="TRUE">HL_Lb_meth</attalias><attrtype Sync="TRUE">String</attrtype><attwidth Sync="TRUE">50</attwidth><atprecis Sync="TRUE">0</atprecis><attscale Sync="TRUE">0</attscale></attr><attr><attrlabl Sync="TRUE">HL_Ye_crea</attrlabl><attalias Sync="TRUE">HL_Ye_crea</attalias><attrtype Sync="TRUE">Integer</attrtype><attwidth Sync="TRUE">9</attwidth><atprecis Sync="TRUE">9</atprecis><attscale Sync="TRUE">0</attscale></attr><attr><attrlabl Sync="TRUE">HL_Lb_me_1</attrlabl><attalias Sync="TRUE">HL_Lb_me_1</attalias><attrtype Sync="TRUE">String</attrtype><attwidth Sync="TRUE">50</attwidth><atprecis Sync="TRUE">0</atprecis><attscale Sync="TRUE">0</attscale></attr><attr><attrlabl Sync="TRUE">HL_Ye_revi</attrlabl><attalias Sync="TRUE">HL_Ye_revi</attalias><attrtype Sync="TRUE">Integer</attrtype><attwidth Sync="TRUE">9</attwidth><atprecis Sync="TRUE">9</atprecis><attscale Sync="TRUE">0</attscale></attr><subtype><stname Sync="TRUE">Other water line</stname><stcode Sync="TRUE">3</stcode><stfield><stfldnm Sync="TRUE">HL_Tp_Hydro_line</stfldnm><stflddv Sync="TRUE">1</stflddv><stflddd><domname Sync="TRUE">Waterline_Type</domname><domdesc Sync="TRUE">Type of Waterline</domdesc><domtype Sync="TRUE">Coded Value</domtype><mrgtype Sync="TRUE">Default value</mrgtype><splttype Sync="TRUE">Duplicate</splttype><domowner Sync="TRUE"></domowner><domfldtp Sync="TRUE">SmallInteger</domfldtp></stflddd></stfield><stfield><stfldnm Sync="TRUE">HL_Tp_Hydro_line_2</stfldnm><stflddv Sync="TRUE">WTRFL</stflddv><stflddd><domname Sync="TRUE">Other_WaterLine_Subype</domname><domdesc Sync="TRUE">Subtype of "other line"</domdesc><domtype Sync="TRUE">Coded Value</domtype><mrgtype Sync="TRUE">Default value</mrgtype><splttype Sync="TRUE">Duplicate</splttype><domowner Sync="TRUE"></domowner><domfldtp Sync="TRUE">String</domfldtp></stflddd></stfield><stfield><stfldnm Sync="TRUE">HL_Lb_method_creation</stfldnm><stflddv Sync="TRUE">8</stflddv><stflddd><domname Sync="TRUE">Method_creation</domname><domdesc Sync="TRUE">Method of creation of the mapsheet</domdesc><domtype Sync="TRUE">Coded Value</domtype><mrgtype Sync="TRUE">Default value</mrgtype><splttype Sync="TRUE">Duplicate</splttype><domowner Sync="TRUE"></domowner><domfldtp Sync="TRUE">String</domfldtp></stflddd></stfield><stfield><stfldnm Sync="TRUE">HL_Lb_method_revision</stfldnm><stflddv Sync="TRUE">3</stflddv><stflddd><domname Sync="TRUE">Method_revision</domname><domdesc Sync="TRUE">Method of revision of the mapsheet</domdesc><domtype Sync="TRUE">Coded Value</domtype><mrgtype Sync="TRUE">Default value</mrgtype><splttype Sync="TRUE">Duplicate</splttype><domowner Sync="TRUE"></domowner><domfldtp Sync="TRUE">String</domfldtp></stflddd></stfield><stfield><stfldnm Sync="TRUE">HL_Ye_revision</stfldnm><stflddv Sync="TRUE">2008</stflddv></stfield></subtype><attr><attrlabl Sync="TRUE">HL_Nm_Hydr</attrlabl><attalias Sync="TRUE">HL_Nm_Hydr</attalias><attrtype Sync="TRUE">String</attrtype><attwidth Sync="TRUE">50</attwidth><atprecis Sync="TRUE">0</atprecis><attscale Sync="TRUE">0</attscale></attr><attr><attrlabl Sync="TRUE">Shape_Leng</attrlabl><attalias Sync="TRUE">Shape_Leng</attalias><attrtype Sync="TRUE">Double</attrtype><attwidth Sync="TRUE">19</attwidth><atprecis Sync="TRUE">0</atprecis><attscale Sync="TRUE">0</attscale></attr><attr><attrlabl Sync="TRUE">HL_GFCODE</attrlabl><attalias Sync="TRUE">HL_GFCODE</attalias><attrtype Sync="TRUE">String</attrtype><attwidth Sync="TRUE">5</attwidth><atprecis Sync="TRUE">0</atprecis><attscale Sync="TRUE">0</attscale></attr></detailed></eainfo><mdDateSt Sync="TRUE">20120407</mdDateSt></metadata>
