<?xml version="1.0"?>
<metadata xml:lang="en"><Esri><MetaID>{338F17B1-B549-4F5B-8AA6-827C23E5A713}</MetaID><CreaDate>20080723</CreaDate><CreaTime>11455100</CreaTime><SyncOnce>FALSE</SyncOnce><DataProperties><lineage><Process ToolSource="C:\Program Files\ArcGIS\ArcToolbox\Toolboxes\Data Management Tools.tbx\Append" Date="20080723" Time="114551">Append luse_poly_Layer F:\Productie\asamblate\bloc_3\SIIRM_bloc3_E.mdb\Dataset2_Update\LU_Landuse_Pg TEST F:\Productie\asamblate\bloc_3\SIIRM_bloc3_E.mdb\Dataset2_Update\LU_Landuse_Pg</Process><Process ToolSource="C:\Program Files\ArcGIS\ArcToolbox\Toolboxes\Data Management Tools.tbx\Append" Date="20080723" Time="114657">Append F:\Productie\asamblate\bloc_3\SIIRM_bloc3_E.mdb\Dataset2_Update\Hydro_poly_temp F:\Productie\asamblate\bloc_3\SIIRM_bloc3_E.mdb\Dataset2_Update\LU_Landuse_Pg NO_TEST F:\Productie\asamblate\bloc_3\SIIRM_bloc3_E.mdb\Dataset2_Update\LU_Landuse_Pg</Process><Process Name="Append_2" ToolSource="C:\Program Files\ArcGIS\ArcToolbox\Toolboxes\Data Management Tools.tbx\Append" Date="20080725" Time="100429">Append F:\Productie\asamblate\bloc123\SIIRM_bloc1_N.mdb\Dataset3_Final\LU_Landuse_Pg;F:\Productie\asamblate\bloc123\SIIRM_bloc2_N.mdb\Dataset3_Final\LU_Landuse_Pg F:\Productie\asamblate\bloc123\bloc_1_3.mdb\Dataset3_Final\LU_Landuse_Pg TEST F:\Productie\asamblate\bloc123\bloc_1_3.mdb\Dataset3_Final\LU_Landuse_Pg</Process><Process ToolSource="C:\Program Files\ArcGIS\ArcToolbox\Toolboxes\Data Management Tools.tbx\SelectData" Date="20090922" Time="112828">SelectData E:\DATA\GeoDB\Rajapaksha\10K_SH55.mdb\Working_Personal_dataset LU_Landuse_Pg E:\DATA\GeoDB\Rajapaksha\10K_SH55.mdb\Working_Personal_dataset\LU_Landuse_Pg</Process><Process ToolSource="C:\Program Files\ArcGIS\ArcToolbox\Toolboxes\Data Management Tools.tbx\Append" Date="20090922" Time="112832">Append E:\DATA\GeoDB\Rajapaksha\10K_SH55.mdb\Dataset_Conversion\Landuse_polygon_t E:\DATA\GeoDB\Rajapaksha\10K_SH55.mdb\Working_Personal_dataset\LU_Landuse_Pg NO_TEST "LU_Tp_Classification_1 'Landuse Classif 1' true true false 2 Short 0 0 ,First,#,E:\DATA\GeoDB\Rajapaksha\10K_SH55.mdb\Dataset_Conversion\Landuse_polygon_t,landuse_type,-1,-1;LU_Tp_Classification_2 'Landuse Classif 2' true true false 50 Text 0 0 ,First,#,E:\DATA\GeoDB\Rajapaksha\10K_SH55.mdb\Dataset_Conversion\Landuse_polygon_t,GFCODE,-1,-1;LU_Lb_method_creation 'Method of creation' true true false 50 Text 0 0 ,First,#;LU_Ye_creation 'Year of creation' true true false 4 Long 0 0 ,First,#;LU_Lb_method_revision 'Method of revision' true true false 50 Text 0 0 ,First,#;LU_Ye_revision 'Year of revision' true true false 4 Long 0 0 ,First,#;LU_Cd_GFCODE 'LU_Cd_GFCODE' true true false 50 Text 0 0 ,First,#,E:\DATA\GeoDB\Rajapaksha\10K_SH55.mdb\Dataset_Conversion\Landuse_polygon_t,GFCODE,-1,-1;SHAPE_Length 'SHAPE_Length' false true true 8 Double 0 0 ,First,#,E:\DATA\GeoDB\Rajapaksha\10K_SH55.mdb\Dataset_Conversion\Landuse_polygon_t,Shape_Length,-1,-1;SHAPE_Area 'SHAPE_Area' false true true 8 Double 0 0 ,First,#,E:\DATA\GeoDB\Rajapaksha\10K_SH55.mdb\Dataset_Conversion\Landuse_polygon_t,Shape_Area,-1,-1" # E:\DATA\GeoDB\Rajapaksha\10K_SH55.mdb\Working_Personal_dataset\LU_Landuse_Pg</Process><Process ToolSource="C:\Program Files\ArcGIS\ArcToolbox\Toolboxes\Data Management Tools.tbx\CalculateField" Date="20090922" Time="112835">CalculateField E:\DATA\GeoDB\Rajapaksha\10K_SH55.mdb\Working_Personal_dataset\LU_Landuse_Pg LU_Lb_method_creation 8 VB # E:\DATA\GeoDB\Rajapaksha\10K_SH55.mdb\Working_Personal_dataset\LU_Landuse_Pg</Process><Process ToolSource="C:\Program Files\ArcGIS\ArcToolbox\Toolboxes\Data Management Tools.tbx\DeleteFeatures" Date="20091009" Time="123423">DeleteFeatures E:\TDB\10K\10K_Empty.mdb\Working_Personal_dataset\LU_Landuse_Pg E:\TDB\10K\10K_Empty.mdb\Working_Personal_dataset\LU_Landuse_Pg</Process><Process ToolSource="C:\Program Files\ArcGIS\ArcToolbox\Toolboxes\Data Management Tools.tbx\SelectData" Date="20100614" Time="082830">SelectData D:\10K_GeoDB\10K_SH59.mdb\Working_Personal_dataset LU_Landuse_Pg D:\10K_GeoDB\10K_SH59.mdb\Working_Personal_dataset\LU_Landuse_Pg</Process><Process ToolSource="C:\Program Files\ArcGIS\ArcToolbox\Toolboxes\Data Management Tools.tbx\Append" Date="20100614" Time="082834">Append D:\10K_GeoDB\10K_SH59.mdb\Dataset_Conversion\Landuse_polygon_t D:\10K_GeoDB\10K_SH59.mdb\Working_Personal_dataset\LU_Landuse_Pg NO_TEST "LU_Tp_Classification_1 'Landuse Classif 1' true true false 2 Short 0 0 ,First,#,D:\10K_GeoDB\10K_SH59.mdb\Dataset_Conversion\Landuse_polygon_t,landuse_type,-1,-1;LU_Tp_Classification_2 'Landuse Classif 2' true true false 50 Text 0 0 ,First,#,D:\10K_GeoDB\10K_SH59.mdb\Dataset_Conversion\Landuse_polygon_t,GFCODE,-1,-1;LU_Lb_method_creation 'Method of creation' true true false 50 Text 0 0 ,First,#;LU_Ye_creation 'Year of creation' true true false 4 Long 0 0 ,First,#;LU_Lb_method_revision 'Method of revision' true true false 50 Text 0 0 ,First,#;LU_Ye_revision 'Year of revision' true true false 4 Long 0 0 ,First,#;LU_Cd_GFCODE 'LU_Cd_GFCODE' true true false 50 Text 0 0 ,First,#,D:\10K_GeoDB\10K_SH59.mdb\Dataset_Conversion\Landuse_polygon_t,GFCODE,-1,-1;SHAPE_Length 'SHAPE_Length' false true true 8 Double 0 0 ,First,#,D:\10K_GeoDB\10K_SH59.mdb\Dataset_Conversion\Landuse_polygon_t,Shape_Length,-1,-1;SHAPE_Area 'SHAPE_Area' false true true 8 Double 0 0 ,First,#,D:\10K_GeoDB\10K_SH59.mdb\Dataset_Conversion\Landuse_polygon_t,Shape_Area,-1,-1" # D:\10K_GeoDB\10K_SH59.mdb\Working_Personal_dataset\LU_Landuse_Pg</Process><Process ToolSource="C:\Program Files\ArcGIS\ArcToolbox\Toolboxes\Data Management Tools.tbx\CalculateField" Date="20100614" Time="082836">CalculateField D:\10K_GeoDB\10K_SH59.mdb\Working_Personal_dataset\LU_Landuse_Pg LU_Lb_method_creation 8 VB # D:\10K_GeoDB\10K_SH59.mdb\Working_Personal_dataset\LU_Landuse_Pg</Process><Process ToolSource="C:\Program Files\ArcGIS\ArcToolbox\Toolboxes\Data Management Tools.tbx\Append" Date="20100709" Time="082632">Append D:\10K_GeoDB\10K_SH59_Part.mdb\Working_Personal_dataset\LU_Landuse_Pg D:\10K_GeoDB\10K_GeoDB_Final_2010\10K_SH59_GeoDB.mdb\Working_Personal_dataset\LU_Landuse_Pg NO_TEST "LU_Tp_Classification_1 'Landuse Classif 1' true true false 2 Short 0 0 ,First,#,D:\10K_GeoDB\10K_SH59_Part.mdb\Working_Personal_dataset\LU_Landuse_Pg,LU_Tp_Classification_1,-1,-1;LU_Tp_Classification_2 'Landuse Classif 2' true true false 50 Text 0 0 ,First,#,D:\10K_GeoDB\10K_SH59_Part.mdb\Working_Personal_dataset\LU_Landuse_Pg,LU_Tp_Classification_2,-1,-1;LU_Lb_method_creation 'Method of creation' true true false 50 Text 0 0 ,First,#,D:\10K_GeoDB\10K_SH59_Part.mdb\Working_Personal_dataset\LU_Landuse_Pg,LU_Lb_method_creation,-1,-1;LU_Ye_creation 'Year of creation' true true false 4 Long 0 0 ,First,#,D:\10K_GeoDB\10K_SH59_Part.mdb\Working_Personal_dataset\LU_Landuse_Pg,LU_Ye_creation,-1,-1;LU_Lb_method_revision 'Method of revision' true true false 50 Text 0 0 ,First,#,D:\10K_GeoDB\10K_SH59_Part.mdb\Working_Personal_dataset\LU_Landuse_Pg,LU_Lb_method_revision,-1,-1;LU_Ye_revision 'Year of revision' true true false 4 Long 0 0 ,First,#,D:\10K_GeoDB\10K_SH59_Part.mdb\Working_Personal_dataset\LU_Landuse_Pg,LU_Ye_revision,-1,-1;LU_Cd_GFCODE 'LU_Cd_GFCODE' true true false 50 Text 0 0 ,First,#,D:\10K_GeoDB\10K_SH59_Part.mdb\Working_Personal_dataset\LU_Landuse_Pg,LU_Cd_GFCODE,-1,-1;SHAPE_Length 'SHAPE_Length' false true true 8 Double 0 0 ,First,#,D:\10K_GeoDB\10K_SH59_Part.mdb\Working_Personal_dataset\LU_Landuse_Pg,SHAPE_Length,-1,-1;SHAPE_Area 'SHAPE_Area' false true true 8 Double 0 0 ,First,#,D:\10K_GeoDB\10K_SH59_Part.mdb\Working_Personal_dataset\LU_Landuse_Pg,SHAPE_Area,-1,-1" # D:\10K_GeoDB\10K_GeoDB_Final_2010\10K_SH59_GeoDB.mdb\Working_Personal_dataset\LU_Landuse_Pg</Process><Process ToolSource="C:\Program Files\ArcGIS\ArcToolbox\Toolboxes\Data Management Tools.tbx\Append" Date="20100714" Time="100650">Append D:\10K_GeoDB\10K_SH59N.mdb\Working_Personal_dataset\LU_Landuse_Pg D:\10K_GeoDB\10K_SH59_GeoDB_New.mdb\Working_Personal_dataset\LU_Landuse_Pg NO_TEST "LU_Tp_Classification_1 'Landuse Classif 1' true true false 2 Short 0 0 ,First,#,D:\10K_GeoDB\10K_SH59N.mdb\Working_Personal_dataset\LU_Landuse_Pg,LU_Tp_Classification_1,-1,-1;LU_Tp_Classification_2 'Landuse Classif 2' true true false 50 Text 0 0 ,First,#,D:\10K_GeoDB\10K_SH59N.mdb\Working_Personal_dataset\LU_Landuse_Pg,LU_Tp_Classification_2,-1,-1;LU_Lb_method_creation 'Method of creation' true true false 50 Text 0 0 ,First,#,D:\10K_GeoDB\10K_SH59N.mdb\Working_Personal_dataset\LU_Landuse_Pg,LU_Lb_method_creation,-1,-1;LU_Ye_creation 'Year of creation' true true false 4 Long 0 0 ,First,#,D:\10K_GeoDB\10K_SH59N.mdb\Working_Personal_dataset\LU_Landuse_Pg,LU_Ye_creation,-1,-1;LU_Lb_method_revision 'Method of revision' true true false 50 Text 0 0 ,First,#,D:\10K_GeoDB\10K_SH59N.mdb\Working_Personal_dataset\LU_Landuse_Pg,LU_Lb_method_revision,-1,-1;LU_Ye_revision 'Year of revision' true true false 4 Long 0 0 ,First,#,D:\10K_GeoDB\10K_SH59N.mdb\Working_Personal_dataset\LU_Landuse_Pg,LU_Ye_revision,-1,-1;LU_Cd_GFCODE 'LU_Cd_GFCODE' true true false 50 Text 0 0 ,First,#,D:\10K_GeoDB\10K_SH59N.mdb\Working_Personal_dataset\LU_Landuse_Pg,LU_Cd_GFCODE,-1,-1;SHAPE_Length 'SHAPE_Length' false true true 8 Double 0 0 ,First,#,D:\10K_GeoDB\10K_SH59N.mdb\Working_Personal_dataset\LU_Landuse_Pg,SHAPE_Length,-1,-1;SHAPE_Area 'SHAPE_Area' false true true 8 Double 0 0 ,First,#,D:\10K_GeoDB\10K_SH59N.mdb\Working_Personal_dataset\LU_Landuse_Pg,SHAPE_Area,-1,-1" # D:\10K_GeoDB\10K_SH59_GeoDB_New.mdb\Working_Personal_dataset\LU_Landuse_Pg</Process><Process ToolSource="C:\Program Files (x86)\ArcGIS\Desktop10.0\ArcToolbox\Toolboxes\Analysis Tools.tbx\Erase" Date="20110923" Time="083036">Erase D:\SH59\10K_SH59_GeoDB_22092011.mdb\Working_Personal_dataset\LU_Landuse_Pg D:\SH59\Export_Output.shp D:\SH59\10K_SH59_GeoDB_22092011.mdb\Working_Personal_dataset\LU_Landuse_Pg_Erase #</Process><Process ToolSource="C:\Program Files\ArcGIS\Desktop10.0\ArcToolbox\Toolboxes\Analysis Tools.tbx\Erase" Date="20120309" Time="143535">Erase LU_Landuse_Pg G:\Working_GIS20\My_Editing\SH_59_REVISION_Googale\5915.mdb\Working_Personal_dataset\CA_Tile_Pg G:\Working_GIS20\My_Editing\SH_59_REVISION_Googale\10K_SH59_GeoDB_22092011.mdb\Working_Personal_dataset\LU_Landuse_Pg_NEW #</Process><Process ToolSource="D:\Program Files\ArcGIS\Desktop10.0\ArcToolbox\Toolboxes\Analysis Tools.tbx\Clip" Date="20120407" Time="212356">Clip D:\TopoDB\Topo_10K\10K_GeoDB_Final_2011\10K_SH59_GeoDB_22092011.mdb\Working_Personal_dataset\LU_Landuse_Pg E:\DATA\Request\591\window.shp E:\Temp_Files\LU_Landuse_Pg.shp #</Process><Process ToolSource="D:\Program Files\ArcGIS\Desktop10.0\ArcToolbox\Toolboxes\Data Management Tools.tbx\AddField" Date="20120407" Time="212404">AddField E:\Temp_Files\LU_Landuse_Pg.shp LU_GFCODE TEXT # # 5 # NON_NULLABLE NON_REQUIRED #</Process><Process ToolSource="D:\Program Files\ArcGIS\Desktop10.0\ArcToolbox\Toolboxes\Data Management Tools.tbx\CalculateField" Date="20120407" Time="212405">CalculateField E:\Temp_Files\LU_Landuse_Pg.shp LU_GFCODE [LU_Tp_Cl_1] VB #</Process><Process ToolSource="D:\Program Files\ArcGIS\Desktop10.0\ArcToolbox\Toolboxes\Data Management Tools.tbx\DeleteField" Date="20120407" Time="212405">DeleteField E:\Temp_Files\LU_Landuse_Pg.shp LU_Cd_GFCO;LU_Tp_Cl_1</Process><Process ToolSource="D:\Program Files\ArcGIS\Desktop10.0\ArcToolbox\Toolboxes\Conversion Tools.tbx\FeatureClassToFeatureClass" Date="20120407" Time="212409">FeatureClassToFeatureClass E:\Temp_Files\LU_Landuse_Pg.shp E:\DATA\Request\591 LU_Landuse_Pg.shp # "LU_Tp_Clas "LU_Tp_Clas" true true false 4 Short 0 4 ,First,#,E:\Temp_Files\LU_Landuse_Pg.shp,LU_Tp_Clas,-1,-1;LU_Lb_meth "LU_Lb_meth" true true false 50 Text 0 0 ,First,#,E:\Temp_Files\LU_Landuse_Pg.shp,LU_Lb_meth,-1,-1;LU_Ye_crea "LU_Ye_crea" true true false 9 Long 0 9 ,First,#,E:\Temp_Files\LU_Landuse_Pg.shp,LU_Ye_crea,-1,-1;LU_Lb_me_1 "LU_Lb_me_1" true true false 50 Text 0 0 ,First,#,E:\Temp_Files\LU_Landuse_Pg.shp,LU_Lb_me_1,-1,-1;LU_Ye_revi "LU_Ye_revi" true true false 9 Long 0 9 ,First,#,E:\Temp_Files\LU_Landuse_Pg.shp,LU_Ye_revi,-1,-1;SHAPE_Leng "SHAPE_Leng" true true false 19 Double 0 0 ,First,#,E:\Temp_Files\LU_Landuse_Pg.shp,SHAPE_Leng,-1,-1;SHAPE_Area "SHAPE_Area" true true false 19 Double 0 0 ,First,#,E:\Temp_Files\LU_Landuse_Pg.shp,SHAPE_Area,-1,-1;LU_GFCODE "LU_GFCODE" true true false 5 Text 0 0 ,First,#,E:\Temp_Files\LU_Landuse_Pg.shp,LU_GFCODE,-1,-1" #</Process></lineage><itemProps><itemName Sync="TRUE">LU_Landuse_Pg</itemName><imsContentType Sync="TRUE">002</imsContentType><itemLocation><linkage Sync="TRUE">file://\\4520S-HP\E$\DATA\Request\591\LU_Landuse_Pg.shp</linkage><protocol Sync="TRUE">Local Area Network</protocol></itemLocation><itemSize Sync="TRUE">0.000</itemSize></itemProps><coordRef><type Sync="TRUE">Projected</type><geogcsn Sync="TRUE">GCS_Everest_1830</geogcsn><projcsn Sync="TRUE">Projection95</projcsn><peXml Sync="TRUE">&lt;ProjectedCoordinateSystem xsi:type='typens:ProjectedCoordinateSystem' xmlns:xsi='http://www.w3.org/2001/XMLSchema-instance' xmlns:xs='http://www.w3.org/2001/XMLSchema' xmlns:typens='http://www.esri.com/schemas/ArcGIS/10.0'&gt;&lt;WKT&gt;PROJCS[&amp;quot;Projection95&amp;quot;,GEOGCS[&amp;quot;GCS_Everest_1830&amp;quot;,DATUM[&amp;quot;D_Everest_1830&amp;quot;,SPHEROID[&amp;quot;Everest_1830&amp;quot;,6377299.36,300.8017]],PRIMEM[&amp;quot;Greenwich&amp;quot;,0.0],UNIT[&amp;quot;Degree&amp;quot;,0.0174532925199433]],PROJECTION[&amp;quot;Transverse_Mercator&amp;quot;],PARAMETER[&amp;quot;False_Easting&amp;quot;,200000.0],PARAMETER[&amp;quot;False_Northing&amp;quot;,200000.0],PARAMETER[&amp;quot;Central_Meridian&amp;quot;,80.7717111111111],PARAMETER[&amp;quot;Scale_Factor&amp;quot;,0.9999238418],PARAMETER[&amp;quot;Latitude_Of_Origin&amp;quot;,7.0004802778],UNIT[&amp;quot;Meter&amp;quot;,1.0]]&lt;/WKT&gt;&lt;XOrigin&gt;-5422000&lt;/XOrigin&gt;&lt;YOrigin&gt;-10574200&lt;/YOrigin&gt;&lt;XYScale&gt;450350955.71793514&lt;/XYScale&gt;&lt;ZOrigin&gt;-100000&lt;/ZOrigin&gt;&lt;ZScale&gt;10000&lt;/ZScale&gt;&lt;MOrigin&gt;-100000&lt;/MOrigin&gt;&lt;MScale&gt;10000&lt;/MScale&gt;&lt;XYTolerance&gt;0.001&lt;/XYTolerance&gt;&lt;ZTolerance&gt;0.001&lt;/ZTolerance&gt;&lt;MTolerance&gt;0.001&lt;/MTolerance&gt;&lt;HighPrecision&gt;true&lt;/HighPrecision&gt;&lt;/ProjectedCoordinateSystem&gt;</peXml></coordRef></DataProperties><SyncDate>20120407</SyncDate><SyncTime>21240900</SyncTime><ModDate>20120407</ModDate><ModTime>21240900</ModTime></Esri><dataIdInfo><envirDesc Sync="TRUE">Microsoft Windows Server 2008 R2 Version 6.1 (Build 7600) ; ESRI ArcGIS 10.0.2.3200</envirDesc><dataLang><languageCode value="eng" country="USA"></languageCode></dataLang><idCitation><resTitle Sync="TRUE">LU_Landuse_Pg</resTitle><presForm><PresFormCd value="005"></PresFormCd></presForm></idCitation><descKeys><thesaName uuidref="723f6998-058e-11dc-8314-0800200c9a66"></thesaName><keyword Sync="TRUE">002</keyword></descKeys><spatRpType><SpatRepTypCd value="001"></SpatRepTypCd></spatRpType></dataIdInfo><mdLang><languageCode value="eng"></languageCode></mdLang><distInfo><distFormat><formatName Sync="TRUE">Shapefile</formatName></distFormat><distTranOps><transSize Sync="TRUE">0.000</transSize></distTranOps></distInfo><mdHrLv><ScopeCd value="005"></ScopeCd></mdHrLv><mdHrLvName Sync="TRUE">dataset</mdHrLvName><refSysInfo><RefSystem><refSysID><identCode code="0"></identCode></refSysID></RefSystem></refSysInfo><spdoinfo><ptvctinf><esriterm Name="LU_Landuse_Pg"><efeatyp Sync="TRUE">Simple</efeatyp><efeageom Sync="TRUE">4</efeageom><esritopo Sync="TRUE">FALSE</esritopo><efeacnt Sync="TRUE">0</efeacnt><spindex Sync="TRUE">FALSE</spindex><linrefer Sync="TRUE">FALSE</linrefer></esriterm></ptvctinf></spdoinfo><spatRepInfo><VectSpatRep><topLvl><TopoLevCd value="001"></TopoLevCd></topLvl><geometObjs><geoObjTyp><GeoObjTypCd value="002"></GeoObjTypCd><geoObjCnt Sync="TRUE">0</geoObjCnt></geoObjTyp></geometObjs></VectSpatRep></spatRepInfo><eainfo><detailed Name="LU_Landuse_Pg"><enttyp><enttypl Sync="TRUE">LU_Landuse_Pg</enttypl><enttypt Sync="TRUE">Feature Class</enttypt><enttypc Sync="TRUE">0</enttypc></enttyp><attr><attrlabl Sync="TRUE">SHAPE</attrlabl><attalias Sync="TRUE">Shape</attalias><attrtype Sync="TRUE">Geometry</attrtype><attwidth Sync="TRUE">0</attwidth><atprecis Sync="TRUE">0</atprecis><attscale Sync="TRUE">0</attscale><attrdef Sync="TRUE">Feature geometry.</attrdef><attrdefs Sync="TRUE">ESRI</attrdefs><attrdomv><udom Sync="TRUE">Coordinates defining the features.</udom></attrdomv></attr><attr><attrlabl Sync="TRUE">SHAPE_Area</attrlabl><attalias Sync="TRUE">SHAPE_Area</attalias><attrtype Sync="TRUE">Double</attrtype><attwidth Sync="TRUE">19</attwidth><atprecis Sync="TRUE">0</atprecis><attscale Sync="TRUE">0</attscale><attrdef Sync="TRUE">Area of feature in internal units squared.</attrdef><attrdefs Sync="TRUE">ESRI</attrdefs><attrdomv><udom Sync="TRUE">Positive real numbers that are automatically generated.</udom></attrdomv></attr><subtype><stname Sync="TRUE">Cultivation area</stname><stcode Sync="TRUE">1</stcode><stfield><stfldnm Sync="TRUE">LU_Tp_Classification_1</stfldnm><stflddv Sync="TRUE">1</stflddv><stflddd><domname Sync="TRUE">Landuse_type</domname><domdesc Sync="TRUE">Type of Land use</domdesc><domtype Sync="TRUE">Coded Value</domtype><mrgtype Sync="TRUE">Default value</mrgtype><splttype Sync="TRUE">Duplicate</splttype><domowner Sync="TRUE"></domowner><domfldtp Sync="TRUE">SmallInteger</domfldtp></stflddd></stfield><stfield><stfldnm Sync="TRUE">LU_Tp_Classification_2</stfldnm><stflddv Sync="TRUE">UNCLA</stflddv><stflddd><domname Sync="TRUE">Landuse_subtype1</domname><domdesc Sync="TRUE">Cultivation area</domdesc><domtype Sync="TRUE">Coded Value</domtype><mrgtype Sync="TRUE">Default value</mrgtype><splttype Sync="TRUE">Duplicate</splttype><domowner Sync="TRUE"></domowner><domfldtp Sync="TRUE">String</domfldtp></stflddd></stfield><stfield><stfldnm Sync="TRUE">LU_Lb_method_creation</stfldnm><stflddv Sync="TRUE">8</stflddv><stflddd><domname Sync="TRUE">Method_creation</domname><domdesc Sync="TRUE">Method of creation of the mapsheet</domdesc><domtype Sync="TRUE">Coded Value</domtype><mrgtype Sync="TRUE">Default value</mrgtype><splttype Sync="TRUE">Duplicate</splttype><domowner Sync="TRUE"></domowner><domfldtp Sync="TRUE">String</domfldtp></stflddd></stfield><stfield><stfldnm Sync="TRUE">LU_Lb_method_revision</stfldnm><stflddv Sync="TRUE">3</stflddv><stflddd><domname Sync="TRUE">Method_revision</domname><domdesc Sync="TRUE">Method of revision of the mapsheet</domdesc><domtype Sync="TRUE">Coded Value</domtype><mrgtype Sync="TRUE">Default value</mrgtype><splttype Sync="TRUE">Duplicate</splttype><domowner Sync="TRUE"></domowner><domfldtp Sync="TRUE">String</domfldtp></stflddd></stfield><stfield><stfldnm Sync="TRUE">LU_Ye_revision</stfldnm><stflddv Sync="TRUE">2008</stflddv></stfield></subtype><subtype><stname Sync="TRUE">Forest area</stname><stcode Sync="TRUE">2</stcode><stfield><stfldnm Sync="TRUE">LU_Tp_Classification_1</stfldnm><stflddv Sync="TRUE">1</stflddv><stflddd><domname Sync="TRUE">Landuse_type</domname><domdesc Sync="TRUE">Type of Land use</domdesc><domtype Sync="TRUE">Coded Value</domtype><mrgtype Sync="TRUE">Default value</mrgtype><splttype Sync="TRUE">Duplicate</splttype><domowner Sync="TRUE"></domowner><domfldtp Sync="TRUE">SmallInteger</domfldtp></stflddd></stfield><stfield><stfldnm Sync="TRUE">LU_Tp_Classification_2</stfldnm><stflddv Sync="TRUE">UNCLA</stflddv><stflddd><domname Sync="TRUE">Landuse_subtype2</domname><domdesc Sync="TRUE">Forest area</domdesc><domtype Sync="TRUE">Coded Value</domtype><mrgtype Sync="TRUE">Default value</mrgtype><splttype Sync="TRUE">Duplicate</splttype><domowner Sync="TRUE"></domowner><domfldtp Sync="TRUE">String</domfldtp></stflddd></stfield><stfield><stfldnm Sync="TRUE">LU_Lb_method_creation</stfldnm><stflddv Sync="TRUE">8</stflddv><stflddd><domname Sync="TRUE">Method_creation</domname><domdesc Sync="TRUE">Method of creation of the mapsheet</domdesc><domtype Sync="TRUE">Coded Value</domtype><mrgtype Sync="TRUE">Default value</mrgtype><splttype Sync="TRUE">Duplicate</splttype><domowner Sync="TRUE"></domowner><domfldtp Sync="TRUE">String</domfldtp></stflddd></stfield><stfield><stfldnm Sync="TRUE">LU_Lb_method_revision</stfldnm><stflddv Sync="TRUE">3</stflddv><stflddd><domname Sync="TRUE">Method_revision</domname><domdesc Sync="TRUE">Method of revision of the mapsheet</domdesc><domtype Sync="TRUE">Coded Value</domtype><mrgtype Sync="TRUE">Default value</mrgtype><splttype Sync="TRUE">Duplicate</splttype><domowner Sync="TRUE"></domowner><domfldtp Sync="TRUE">String</domfldtp></stflddd></stfield><stfield><stfldnm Sync="TRUE">LU_Ye_revision</stfldnm><stflddv Sync="TRUE">2008</stflddv></stfield></subtype><subtype><stname Sync="TRUE">Boggy area</stname><stcode Sync="TRUE">3</stcode><stfield><stfldnm Sync="TRUE">LU_Tp_Classification_1</stfldnm><stflddv Sync="TRUE">1</stflddv><stflddd><domname Sync="TRUE">Landuse_type</domname><domdesc Sync="TRUE">Type of Land use</domdesc><domtype Sync="TRUE">Coded Value</domtype><mrgtype Sync="TRUE">Default value</mrgtype><splttype Sync="TRUE">Duplicate</splttype><domowner Sync="TRUE"></domowner><domfldtp Sync="TRUE">SmallInteger</domfldtp></stflddd></stfield><stfield><stfldnm Sync="TRUE">LU_Tp_Classification_2</stfldnm><stflddv Sync="TRUE">UNCLA</stflddv><stflddd><domname Sync="TRUE">Landuse_subtype3</domname><domdesc Sync="TRUE">Boggy area</domdesc><domtype Sync="TRUE">Coded Value</domtype><mrgtype Sync="TRUE">Default value</mrgtype><splttype Sync="TRUE">Duplicate</splttype><domowner Sync="TRUE"></domowner><domfldtp Sync="TRUE">String</domfldtp></stflddd></stfield><stfield><stfldnm Sync="TRUE">LU_Lb_method_creation</stfldnm><stflddv Sync="TRUE">8</stflddv><stflddd><domname Sync="TRUE">Method_creation</domname><domdesc Sync="TRUE">Method of creation of the mapsheet</domdesc><domtype Sync="TRUE">Coded Value</domtype><mrgtype Sync="TRUE">Default value</mrgtype><splttype Sync="TRUE">Duplicate</splttype><domowner Sync="TRUE"></domowner><domfldtp Sync="TRUE">String</domfldtp></stflddd></stfield><stfield><stfldnm Sync="TRUE">LU_Lb_method_revision</stfldnm><stflddv Sync="TRUE">3</stflddv><stflddd><domname Sync="TRUE">Method_revision</domname><domdesc Sync="TRUE">Method of revision of the mapsheet</domdesc><domtype Sync="TRUE">Coded Value</domtype><mrgtype Sync="TRUE">Default value</mrgtype><splttype Sync="TRUE">Duplicate</splttype><domowner Sync="TRUE"></domowner><domfldtp Sync="TRUE">String</domfldtp></stflddd></stfield><stfield><stfldnm Sync="TRUE">LU_Ye_revision</stfldnm><stflddv Sync="TRUE">2008</stflddv></stfield></subtype><subtype><stname Sync="TRUE">Bare area</stname><stcode Sync="TRUE">4</stcode><stfield><stfldnm Sync="TRUE">LU_Tp_Classification_1</stfldnm><stflddv Sync="TRUE">1</stflddv><stflddd><domname Sync="TRUE">Landuse_type</domname><domdesc Sync="TRUE">Type of Land use</domdesc><domtype Sync="TRUE">Coded Value</domtype><mrgtype Sync="TRUE">Default value</mrgtype><splttype Sync="TRUE">Duplicate</splttype><domowner Sync="TRUE"></domowner><domfldtp Sync="TRUE">SmallInteger</domfldtp></stflddd></stfield><stfield><stfldnm Sync="TRUE">LU_Tp_Classification_2</stfldnm><stflddv Sync="TRUE">UNCLA</stflddv><stflddd><domname Sync="TRUE">Landuse_subtype4</domname><domdesc Sync="TRUE">Bare area</domdesc><domtype Sync="TRUE">Coded Value</domtype><mrgtype Sync="TRUE">Default value</mrgtype><splttype Sync="TRUE">Duplicate</splttype><domowner Sync="TRUE"></domowner><domfldtp Sync="TRUE">String</domfldtp></stflddd></stfield><stfield><stfldnm Sync="TRUE">LU_Lb_method_creation</stfldnm><stflddv Sync="TRUE">8</stflddv><stflddd><domname Sync="TRUE">Method_creation</domname><domdesc Sync="TRUE">Method of creation of the mapsheet</domdesc><domtype Sync="TRUE">Coded Value</domtype><mrgtype Sync="TRUE">Default value</mrgtype><splttype Sync="TRUE">Duplicate</splttype><domowner Sync="TRUE"></domowner><domfldtp Sync="TRUE">String</domfldtp></stflddd></stfield><stfield><stfldnm Sync="TRUE">LU_Lb_method_revision</stfldnm><stflddv Sync="TRUE">3</stflddv><stflddd><domname Sync="TRUE">Method_revision</domname><domdesc Sync="TRUE">Method of revision of the mapsheet</domdesc><domtype Sync="TRUE">Coded Value</domtype><mrgtype Sync="TRUE">Default value</mrgtype><splttype Sync="TRUE">Duplicate</splttype><domowner Sync="TRUE"></domowner><domfldtp Sync="TRUE">String</domfldtp></stflddd></stfield><stfield><stfldnm Sync="TRUE">LU_Ye_revision</stfldnm><stflddv Sync="TRUE">2008</stflddv></stfield></subtype><subtype><stname Sync="TRUE">Rock area</stname><stcode Sync="TRUE">5</stcode><stfield><stfldnm Sync="TRUE">LU_Tp_Classification_1</stfldnm><stflddv Sync="TRUE">1</stflddv><stflddd><domname Sync="TRUE">Landuse_type</domname><domdesc Sync="TRUE">Type of Land use</domdesc><domtype Sync="TRUE">Coded Value</domtype><mrgtype Sync="TRUE">Default value</mrgtype><splttype Sync="TRUE">Duplicate</splttype><domowner Sync="TRUE"></domowner><domfldtp Sync="TRUE">SmallInteger</domfldtp></stflddd></stfield><stfield><stfldnm Sync="TRUE">LU_Tp_Classification_2</stfldnm><stflddv Sync="TRUE">UNCLA</stflddv><stflddd><domname Sync="TRUE">Landuse_subtype5</domname><domdesc Sync="TRUE">Rock area</domdesc><domtype Sync="TRUE">Coded Value</domtype><mrgtype Sync="TRUE">Default value</mrgtype><splttype Sync="TRUE">Duplicate</splttype><domowner Sync="TRUE"></domowner><domfldtp Sync="TRUE">String</domfldtp></stflddd></stfield><stfield><stfldnm Sync="TRUE">LU_Lb_method_creation</stfldnm><stflddv Sync="TRUE">8</stflddv><stflddd><domname Sync="TRUE">Method_creation</domname><domdesc Sync="TRUE">Method of creation of the mapsheet</domdesc><domtype Sync="TRUE">Coded Value</domtype><mrgtype Sync="TRUE">Default value</mrgtype><splttype Sync="TRUE">Duplicate</splttype><domowner Sync="TRUE"></domowner><domfldtp Sync="TRUE">String</domfldtp></stflddd></stfield><stfield><stfldnm Sync="TRUE">LU_Lb_method_revision</stfldnm><stflddv Sync="TRUE">3</stflddv><stflddd><domname Sync="TRUE">Method_revision</domname><domdesc Sync="TRUE">Method of revision of the mapsheet</domdesc><domtype Sync="TRUE">Coded Value</domtype><mrgtype Sync="TRUE">Default value</mrgtype><splttype Sync="TRUE">Duplicate</splttype><domowner Sync="TRUE"></domowner><domfldtp Sync="TRUE">String</domfldtp></stflddd></stfield><stfield><stfldnm Sync="TRUE">LU_Ye_revision</stfldnm><stflddv Sync="TRUE">2008</stflddv></stfield></subtype><subtype><stname Sync="TRUE">Built up area</stname><stcode Sync="TRUE">6</stcode><stfield><stfldnm Sync="TRUE">LU_Tp_Classification_1</stfldnm><stflddv Sync="TRUE">1</stflddv><stflddd><domname Sync="TRUE">Landuse_type</domname><domdesc Sync="TRUE">Type of Land use</domdesc><domtype Sync="TRUE">Coded Value</domtype><mrgtype Sync="TRUE">Default value</mrgtype><splttype Sync="TRUE">Duplicate</splttype><domowner Sync="TRUE"></domowner><domfldtp Sync="TRUE">SmallInteger</domfldtp></stflddd></stfield><stfield><stfldnm Sync="TRUE">LU_Tp_Classification_2</stfldnm><stflddv Sync="TRUE">UNCLA</stflddv><stflddd><domname Sync="TRUE">Landuse_subtype6</domname><domdesc Sync="TRUE">Built up area</domdesc><domtype Sync="TRUE">Coded Value</domtype><mrgtype Sync="TRUE">Default value</mrgtype><splttype Sync="TRUE">Duplicate</splttype><domowner Sync="TRUE"></domowner><domfldtp Sync="TRUE">String</domfldtp></stflddd></stfield><stfield><stfldnm Sync="TRUE">LU_Lb_method_creation</stfldnm><stflddv Sync="TRUE">8</stflddv><stflddd><domname Sync="TRUE">Method_creation</domname><domdesc Sync="TRUE">Method of creation of the mapsheet</domdesc><domtype Sync="TRUE">Coded Value</domtype><mrgtype Sync="TRUE">Default value</mrgtype><splttype Sync="TRUE">Duplicate</splttype><domowner Sync="TRUE"></domowner><domfldtp Sync="TRUE">String</domfldtp></stflddd></stfield><stfield><stfldnm Sync="TRUE">LU_Lb_method_revision</stfldnm><stflddv Sync="TRUE">3</stflddv><stflddd><domname Sync="TRUE">Method_revision</domname><domdesc Sync="TRUE">Method of revision of the mapsheet</domdesc><domtype Sync="TRUE">Coded Value</domtype><mrgtype Sync="TRUE">Default value</mrgtype><splttype Sync="TRUE">Duplicate</splttype><domowner Sync="TRUE"></domowner><domfldtp Sync="TRUE">String</domfldtp></stflddd></stfield><stfield><stfldnm Sync="TRUE">LU_Ye_revision</stfldnm><stflddv Sync="TRUE">2008</stflddv></stfield></subtype><subtype><stname Sync="TRUE">Sand area</stname><stcode Sync="TRUE">7</stcode><stfield><stfldnm Sync="TRUE">LU_Tp_Classification_1</stfldnm><stflddv Sync="TRUE">1</stflddv><stflddd><domname Sync="TRUE">Landuse_type</domname><domdesc Sync="TRUE">Type of Land use</domdesc><domtype Sync="TRUE">Coded Value</domtype><mrgtype Sync="TRUE">Default value</mrgtype><splttype Sync="TRUE">Duplicate</splttype><domowner Sync="TRUE"></domowner><domfldtp Sync="TRUE">SmallInteger</domfldtp></stflddd></stfield><stfield><stfldnm Sync="TRUE">LU_Tp_Classification_2</stfldnm><stflddv Sync="TRUE">SANDA</stflddv><stflddd><domname Sync="TRUE">Landuse_subtype7</domname><domdesc Sync="TRUE">Sand area</domdesc><domtype Sync="TRUE">Coded Value</domtype><mrgtype Sync="TRUE">Default value</mrgtype><splttype Sync="TRUE">Duplicate</splttype><domowner Sync="TRUE"></domowner><domfldtp Sync="TRUE">String</domfldtp></stflddd></stfield><stfield><stfldnm Sync="TRUE">LU_Lb_method_creation</stfldnm><stflddv Sync="TRUE">8</stflddv><stflddd><domname Sync="TRUE">Method_creation</domname><domdesc Sync="TRUE">Method of creation of the mapsheet</domdesc><domtype Sync="TRUE">Coded Value</domtype><mrgtype Sync="TRUE">Default value</mrgtype><splttype Sync="TRUE">Duplicate</splttype><domowner Sync="TRUE"></domowner><domfldtp Sync="TRUE">String</domfldtp></stflddd></stfield><stfield><stfldnm Sync="TRUE">LU_Lb_method_revision</stfldnm><stflddv Sync="TRUE">3</stflddv><stflddd><domname Sync="TRUE">Method_revision</domname><domdesc Sync="TRUE">Method of revision of the mapsheet</domdesc><domtype Sync="TRUE">Coded Value</domtype><mrgtype Sync="TRUE">Default value</mrgtype><splttype Sync="TRUE">Duplicate</splttype><domowner Sync="TRUE"></domowner><domfldtp Sync="TRUE">String</domfldtp></stflddd></stfield><stfield><stfldnm Sync="TRUE">LU_Ye_revision</stfldnm><stflddv Sync="TRUE">2008</stflddv></stfield></subtype><attr><attrlabl Sync="TRUE">FID</attrlabl><attalias Sync="TRUE">FID</attalias><attrtype Sync="TRUE">OID</attrtype><attwidth Sync="TRUE">4</attwidth><atprecis Sync="TRUE">0</atprecis><attscale Sync="TRUE">0</attscale><attrdef Sync="TRUE">Internal feature number.</attrdef><attrdefs Sync="TRUE">ESRI</attrdefs><attrdomv><udom Sync="TRUE">Sequential unique whole numbers that are automatically generated.</udom></attrdomv></attr><subtype><stname Sync="TRUE">Water area</stname><stcode Sync="TRUE">8</stcode><stfield><stfldnm Sync="TRUE">LU_Tp_Classification_1</stfldnm><stflddv Sync="TRUE">1</stflddv><stflddd><domname Sync="TRUE">Landuse_type</domname><domdesc Sync="TRUE">Type of Land use</domdesc><domtype Sync="TRUE">Coded Value</domtype><mrgtype Sync="TRUE">Default value</mrgtype><splttype Sync="TRUE">Duplicate</splttype><domowner Sync="TRUE"></domowner><domfldtp Sync="TRUE">SmallInteger</domfldtp></stflddd></stfield><stfield><stfldnm Sync="TRUE">LU_Tp_Classification_2</stfldnm><stflddv Sync="TRUE">HYDRA</stflddv><stflddd><domname Sync="TRUE">Landuse_subtype8</domname><domdesc Sync="TRUE">Water area</domdesc><domtype Sync="TRUE">Coded Value</domtype><mrgtype Sync="TRUE">Default value</mrgtype><splttype Sync="TRUE">Duplicate</splttype><domowner Sync="TRUE"></domowner><domfldtp Sync="TRUE">String</domfldtp></stflddd></stfield><stfield><stfldnm Sync="TRUE">LU_Lb_method_creation</stfldnm><stflddv Sync="TRUE">8</stflddv><stflddd><domname Sync="TRUE">Method_creation</domname><domdesc Sync="TRUE">Method of creation of the mapsheet</domdesc><domtype Sync="TRUE">Coded Value</domtype><mrgtype Sync="TRUE">Default value</mrgtype><splttype Sync="TRUE">Duplicate</splttype><domowner Sync="TRUE"></domowner><domfldtp Sync="TRUE">String</domfldtp></stflddd></stfield><stfield><stfldnm Sync="TRUE">LU_Lb_method_revision</stfldnm><stflddv Sync="TRUE">3</stflddv><stflddd><domname Sync="TRUE">Method_revision</domname><domdesc Sync="TRUE">Method of revision of the mapsheet</domdesc><domtype Sync="TRUE">Coded Value</domtype><mrgtype Sync="TRUE">Default value</mrgtype><splttype Sync="TRUE">Duplicate</splttype><domowner Sync="TRUE"></domowner><domfldtp Sync="TRUE">String</domfldtp></stflddd></stfield><stfield><stfldnm Sync="TRUE">LU_Ye_revision</stfldnm><stflddv Sync="TRUE">2008</stflddv></stfield></subtype><attr><attrlabl Sync="TRUE">LU_Tp_Clas</attrlabl><attalias Sync="TRUE">LU_Tp_Clas</attalias><attrtype Sync="TRUE">SmallInteger</attrtype><attwidth Sync="TRUE">4</attwidth><atprecis Sync="TRUE">4</atprecis><attscale Sync="TRUE">0</attscale></attr><attr><attrlabl Sync="TRUE">LU_Lb_meth</attrlabl><attalias Sync="TRUE">LU_Lb_meth</attalias><attrtype Sync="TRUE">String</attrtype><attwidth Sync="TRUE">50</attwidth><atprecis Sync="TRUE">0</atprecis><attscale Sync="TRUE">0</attscale></attr><attr><attrlabl Sync="TRUE">LU_Ye_crea</attrlabl><attalias Sync="TRUE">LU_Ye_crea</attalias><attrtype Sync="TRUE">Integer</attrtype><attwidth Sync="TRUE">9</attwidth><atprecis Sync="TRUE">9</atprecis><attscale Sync="TRUE">0</attscale></attr><attr><attrlabl Sync="TRUE">LU_Lb_me_1</attrlabl><attalias Sync="TRUE">LU_Lb_me_1</attalias><attrtype Sync="TRUE">String</attrtype><attwidth Sync="TRUE">50</attwidth><atprecis Sync="TRUE">0</atprecis><attscale Sync="TRUE">0</attscale></attr><attr><attrlabl Sync="TRUE">LU_Ye_revi</attrlabl><attalias Sync="TRUE">LU_Ye_revi</attalias><attrtype Sync="TRUE">Integer</attrtype><attwidth Sync="TRUE">9</attwidth><atprecis Sync="TRUE">9</atprecis><attscale Sync="TRUE">0</attscale></attr><attr><attrlabl Sync="TRUE">SHAPE_Leng</attrlabl><attalias Sync="TRUE">SHAPE_Leng</attalias><attrtype Sync="TRUE">Double</attrtype><attwidth Sync="TRUE">19</attwidth><atprecis Sync="TRUE">0</atprecis><attscale Sync="TRUE">0</attscale></attr><subtype><stname Sync="TRUE">Cloud area</stname><stcode Sync="TRUE">9</stcode><stfield><stfldnm Sync="TRUE">LU_Tp_Classification_1</stfldnm><stflddv Sync="TRUE">1</stflddv><stflddd><domname Sync="TRUE">Landuse_type</domname><domdesc Sync="TRUE">Type of Land use</domdesc><domtype Sync="TRUE">Coded Value</domtype><mrgtype Sync="TRUE">Default value</mrgtype><splttype Sync="TRUE">Duplicate</splttype><domowner Sync="TRUE"></domowner><domfldtp Sync="TRUE">SmallInteger</domfldtp></stflddd></stfield><stfield><stfldnm Sync="TRUE">LU_Lb_method_creation</stfldnm><stflddv Sync="TRUE">8</stflddv><stflddd><domname Sync="TRUE">Method_creation</domname><domdesc Sync="TRUE">Method of creation of the mapsheet</domdesc><domtype Sync="TRUE">Coded Value</domtype><mrgtype Sync="TRUE">Default value</mrgtype><splttype Sync="TRUE">Duplicate</splttype><domowner Sync="TRUE"></domowner><domfldtp Sync="TRUE">String</domfldtp></stflddd></stfield><stfield><stfldnm Sync="TRUE">LU_Lb_method_revision</stfldnm><stflddv Sync="TRUE">3</stflddv><stflddd><domname Sync="TRUE">Method_revision</domname><domdesc Sync="TRUE">Method of revision of the mapsheet</domdesc><domtype Sync="TRUE">Coded Value</domtype><mrgtype Sync="TRUE">Default value</mrgtype><splttype Sync="TRUE">Duplicate</splttype><domowner Sync="TRUE"></domowner><domfldtp Sync="TRUE">String</domfldtp></stflddd></stfield><stfield><stfldnm Sync="TRUE">LU_Ye_revision</stfldnm><stflddv Sync="TRUE">2008</stflddv></stfield></subtype><attr><attrlabl Sync="TRUE">LU_GFCODE</attrlabl><attalias Sync="TRUE">LU_GFCODE</attalias><attrtype Sync="TRUE">String</attrtype><attwidth Sync="TRUE">5</attwidth><atprecis Sync="TRUE">0</atprecis><attscale Sync="TRUE">0</attscale></attr></detailed></eainfo><mdDateSt Sync="TRUE">20120407</mdDateSt></metadata>
