<?xml version="1.0"?>
<metadata xml:lang="fr"><Esri><MetaID>{0CD2227F-8BF1-4408-A985-3CC260F55C35}</MetaID><CreaDate>20080906</CreaDate><CreaTime>08231700</CreaTime><SyncOnce>FALSE</SyncOnce><DataProperties><lineage><Process ToolSource="C:\Program Files\ArcGIS\ArcToolbox\Toolboxes\Data Management Tools.tbx\SelectData" Date="20090922" Time="112824">SelectData E:\DATA\GeoDB\Rajapaksha\10K_SH55.mdb\Working_Personal_dataset TR_Transport_Pt E:\DATA\GeoDB\Rajapaksha\10K_SH55.mdb\Working_Personal_dataset\TR_Transport_Pt</Process><Process ToolSource="C:\Program Files\ArcGIS\ArcToolbox\Toolboxes\Data Management Tools.tbx\DeleteFeatures" Date="20090922" Time="112824">DeleteFeatures E:\DATA\GeoDB\Rajapaksha\10K_SH55.mdb\Working_Personal_dataset\TR_Transport_Pt E:\DATA\GeoDB\Rajapaksha\10K_SH55.mdb\Working_Personal_dataset\TR_Transport_Pt</Process><Process ToolSource="C:\Program Files\ArcGIS\ArcToolbox\Toolboxes\Data Management Tools.tbx\Append" Date="20090922" Time="112825">Append E:\DATA\GeoDB\Rajapaksha\10K_SH55.mdb\Dataset_Conversion\Transport_point_t E:\DATA\GeoDB\Rajapaksha\10K_SH55.mdb\Working_Personal_dataset\TR_Transport_Pt NO_TEST "TP_Tp_Transport_point 'Type' false false false 0 Long 0 2 ,First,#;TP_Tp_Transport_point_2 'Subtype' false false false 0 Long 0 50 ,First,#,E:\DATA\GeoDB\Rajapaksha\10K_SH55.mdb\Dataset_Conversion\Transport_point_t,GFCODE,-1,-1;TP_Nm_Transport_point 'Name' true true false 50 Text 0 0 ,First,#,E:\DATA\GeoDB\Rajapaksha\10K_SH55.mdb\Dataset_Conversion\Transport_point_t,NAME,-1,-1;TP_Lb_method_creation 'Method' false false true 0 Long 50 0 ,First,#;TP_Ye_creation 'Year' false false true 0 Long 4 0 ,First,#,E:\DATA\GeoDB\Rajapaksha\10K_SH55.mdb\Dataset_Conversion\Transport_point_t,YEAR_,-1,-1;TP_Lb_method_revision 'Method' false false true 0 Long 50 0 ,First,#;TP_Ye_revision 'Year' false false true 0 Long 4 0 ,First,#;TP_Cd_GFCODE 'GFCODE' true true false 50 Text 0 0 ,First,#,E:\DATA\GeoDB\Rajapaksha\10K_SH55.mdb\Dataset_Conversion\Transport_point_t,GFCODE,-1,-1;TP_CD_ID 'Transport' false false true 0 Long 4 0 ,First,#" # E:\DATA\GeoDB\Rajapaksha\10K_SH55.mdb\Working_Personal_dataset\TR_Transport_Pt</Process><Process ToolSource="C:\Program Files\ArcGIS\ArcToolbox\Toolboxes\Data Management Tools.tbx\CalculateField" Date="20090922" Time="112825">CalculateField E:\DATA\GeoDB\Rajapaksha\10K_SH55.mdb\Working_Personal_dataset\TR_Transport_Pt TP_Tp_Transport_point 2 VB # E:\DATA\GeoDB\Rajapaksha\10K_SH55.mdb\Working_Personal_dataset\TR_Transport_Pt</Process><Process ToolSource="C:\Program Files\ArcGIS\ArcToolbox\Toolboxes\Data Management Tools.tbx\SelectData" Date="20090922" Time="112826">SelectData E:\DATA\GeoDB\Rajapaksha\10K_SH55.mdb\Working_Personal_dataset TR_Transport_Pt E:\DATA\GeoDB\Rajapaksha\10K_SH55.mdb\Working_Personal_dataset\TR_Transport_Pt</Process><Process ToolSource="C:\Program Files\ArcGIS\ArcToolbox\Toolboxes\Data Management Tools.tbx\Append" Date="20090922" Time="112826">Append E:\DATA\GeoDB\Rajapaksha\10K_SH55.mdb\Dataset_Conversion\Transport_node_t E:\DATA\GeoDB\Rajapaksha\10K_SH55.mdb\Working_Personal_dataset\TR_Transport_Pt NO_TEST "TP_Tp_Transport_point 'Type' false false false 0 Long 0 2 ,First,#;TP_Tp_Transport_point_2 'Subtype' false false false 0 Long 0 50 ,First,#,E:\DATA\GeoDB\Rajapaksha\10K_SH55.mdb\Dataset_Conversion\Transport_node_t,GFCODE,-1,-1;TP_Nm_Transport_point 'Name' true true false 50 Text 0 0 ,First,#,E:\DATA\GeoDB\Rajapaksha\10K_SH55.mdb\Dataset_Conversion\Transport_node_t,NAME,-1,-1;TP_Lb_method_creation 'Method' false false true 0 Long 50 0 ,First,#;TP_Ye_creation 'Year' false false true 0 Long 4 0 ,First,#,E:\DATA\GeoDB\Rajapaksha\10K_SH55.mdb\Dataset_Conversion\Transport_node_t,YEAR_,-1,-1;TP_Lb_method_revision 'Method' false false true 0 Long 50 0 ,First,#;TP_Ye_revision 'Year' false false true 0 Long 4 0 ,First,#;TP_Cd_GFCODE 'GFCODE' true true false 50 Text 0 0 ,First,#,E:\DATA\GeoDB\Rajapaksha\10K_SH55.mdb\Dataset_Conversion\Transport_node_t,GFCODE,-1,-1;TP_CD_ID 'Transport' false false true 0 Long 4 0 ,First,#" # E:\DATA\GeoDB\Rajapaksha\10K_SH55.mdb\Working_Personal_dataset\TR_Transport_Pt</Process><Process ToolSource="C:\Program Files\ArcGIS\ArcToolbox\Toolboxes\Data Management Tools.tbx\CalculateField" Date="20090922" Time="112827">CalculateField TR_Transport_Pt_Layer TP_Tp_Transport_point 1 VB # TR_Transport_Pt_Layer</Process><Process ToolSource="C:\Program Files\ArcGIS\ArcToolbox\Toolboxes\Data Management Tools.tbx\CalculateField" Date="20090922" Time="112827">CalculateField E:\DATA\GeoDB\Rajapaksha\10K_SH55.mdb\Working_Personal_dataset\TR_Transport_Pt TP_Lb_method_creation 8 VB # E:\DATA\GeoDB\Rajapaksha\10K_SH55.mdb\Working_Personal_dataset\TR_Transport_Pt</Process><Process ToolSource="C:\Program Files\ArcGIS\ArcToolbox\Toolboxes\Data Management Tools.tbx\DeleteFeatures" Date="20091009" Time="123423">DeleteFeatures E:\TDB\10K\10K_Empty.mdb\Working_Personal_dataset\TR_Transport_Pt E:\TDB\10K\10K_Empty.mdb\Working_Personal_dataset\TR_Transport_Pt</Process><Process ToolSource="C:\Program Files (x86)\ArcGIS\Desktop10.0\ArcToolbox\Toolboxes\Conversion Tools.tbx\FeatureClassToFeatureClass" Date="20110922" Time="172816">FeatureClassToFeatureClass D:\SH59\10K_59_New.mdb\Working_Personal_dataset\TR_Transport_Pt D:\SH59\10K_SH59_GeoDB_To_Chamari.mdb\Working_Personal_dataset TR_Transport_Pt # "TP_Tp_Transport_point "Type of Transport point" true true false 2 Short 0 0 ,First,#,D:\SH59\10K_59_New.mdb\Working_Personal_dataset\TR_Transport_Pt,TP_Tp_Transport_point,-1,-1;TP_Tp_Transport_point_2 "Subtype of Transport pit" true true false 50 Text 0 0 ,First,#,D:\SH59\10K_59_New.mdb\Working_Personal_dataset\TR_Transport_Pt,TP_Tp_Transport_point_2,-1,-1;TP_Nm_Transport_point "Name" true true false 50 Text 0 0 ,First,#,D:\SH59\10K_59_New.mdb\Working_Personal_dataset\TR_Transport_Pt,TP_Nm_Transport_point,-1,-1;TP_Lb_method_creation "Method of creation" true true false 50 Text 0 0 ,First,#,D:\SH59\10K_59_New.mdb\Working_Personal_dataset\TR_Transport_Pt,TP_Lb_method_creation,-1,-1;TP_Ye_creation "Year of creation" true true false 4 Long 0 0 ,First,#,D:\SH59\10K_59_New.mdb\Working_Personal_dataset\TR_Transport_Pt,TP_Ye_creation,-1,-1;TP_Lb_method_revision "Method of revision" true true false 50 Text 0 0 ,First,#,D:\SH59\10K_59_New.mdb\Working_Personal_dataset\TR_Transport_Pt,TP_Lb_method_revision,-1,-1;TP_Ye_revision "Year of revision" true true false 4 Long 0 0 ,First,#,D:\SH59\10K_59_New.mdb\Working_Personal_dataset\TR_Transport_Pt,TP_Ye_revision,-1,-1;TP_Cd_GFCODE "GFCODE" true true false 50 Text 0 0 ,First,#,D:\SH59\10K_59_New.mdb\Working_Personal_dataset\TR_Transport_Pt,TP_Cd_GFCODE,-1,-1;TP_CD_ID "Transport point ID" true true false 4 Long 0 0 ,First,#,D:\SH59\10K_59_New.mdb\Working_Personal_dataset\TR_Transport_Pt,TP_CD_ID,-1,-1" #</Process><Process ToolSource="C:\Program Files\ArcGIS\Desktop10.0\ArcToolbox\Toolboxes\Analysis Tools.tbx\Erase" Date="20120309" Time="140824">Erase TR_Transport_Pt G:\Working_GIS20\My_Editing\SH_59_REVISION_Googale\5915.mdb\Working_Personal_dataset\CA_Tile_Pg G:\Working_GIS20\My_Editing\SH_59_REVISION_Googale\10K_SH59_GeoDB_22092011.mdb\Working_Personal_dataset\TR_Transport_Pt_NEW #</Process><Process ToolSource="D:\Program Files\ArcGIS\Desktop10.0\ArcToolbox\Toolboxes\Analysis Tools.tbx\Clip" Date="20120407" Time="212400">Clip D:\TopoDB\Topo_10K\10K_GeoDB_Final_2011\10K_SH59_GeoDB_22092011.mdb\Working_Personal_dataset\TR_Transport_Pt E:\DATA\Request\591\window.shp E:\Temp_Files\TR_Transport_Pt.shp #</Process><Process ToolSource="D:\Program Files\ArcGIS\Desktop10.0\ArcToolbox\Toolboxes\Data Management Tools.tbx\AddField" Date="20120407" Time="212406">AddField E:\Temp_Files\TR_Transport_Pt.shp TP_GFCODE TEXT # # 5 # NON_NULLABLE NON_REQUIRED #</Process><Process ToolSource="D:\Program Files\ArcGIS\Desktop10.0\ArcToolbox\Toolboxes\Data Management Tools.tbx\CalculateField" Date="20120407" Time="212406">CalculateField E:\Temp_Files\TR_Transport_Pt.shp TP_GFCODE [TP_Tp_Tr_1] VB #</Process><Process ToolSource="D:\Program Files\ArcGIS\Desktop10.0\ArcToolbox\Toolboxes\Data Management Tools.tbx\DeleteField" Date="20120407" Time="212406">DeleteField E:\Temp_Files\TR_Transport_Pt.shp TP_Cd_GFCO;TP_Tp_Tr_1</Process><Process ToolSource="D:\Program Files\ArcGIS\Desktop10.0\ArcToolbox\Toolboxes\Conversion Tools.tbx\FeatureClassToFeatureClass" Date="20120407" Time="212411">FeatureClassToFeatureClass E:\Temp_Files\TR_Transport_Pt.shp E:\DATA\Request\591 TR_Transport_Pt.shp # "TP_Tp_Tran "TP_Tp_Tran" true true false 4 Short 0 4 ,First,#,E:\Temp_Files\TR_Transport_Pt.shp,TP_Tp_Tran,-1,-1;TP_Nm_Tran "TP_Nm_Tran" true true false 50 Text 0 0 ,First,#,E:\Temp_Files\TR_Transport_Pt.shp,TP_Nm_Tran,-1,-1;TP_Lb_meth "TP_Lb_meth" true true false 50 Text 0 0 ,First,#,E:\Temp_Files\TR_Transport_Pt.shp,TP_Lb_meth,-1,-1;TP_Ye_crea "TP_Ye_crea" true true false 9 Long 0 9 ,First,#,E:\Temp_Files\TR_Transport_Pt.shp,TP_Ye_crea,-1,-1;TP_Lb_me_1 "TP_Lb_me_1" true true false 50 Text 0 0 ,First,#,E:\Temp_Files\TR_Transport_Pt.shp,TP_Lb_me_1,-1,-1;TP_Ye_revi "TP_Ye_revi" true true false 9 Long 0 9 ,First,#,E:\Temp_Files\TR_Transport_Pt.shp,TP_Ye_revi,-1,-1;TP_CD_ID "TP_CD_ID" true true false 9 Long 0 9 ,First,#,E:\Temp_Files\TR_Transport_Pt.shp,TP_CD_ID,-1,-1;TP_GFCODE "TP_GFCODE" true true false 5 Text 0 0 ,First,#,E:\Temp_Files\TR_Transport_Pt.shp,TP_GFCODE,-1,-1" #</Process></lineage><itemProps><itemName Sync="TRUE">TR_Transport_Pt</itemName><imsContentType Sync="TRUE">002</imsContentType><itemLocation><linkage Sync="TRUE">file://\\4520S-HP\E$\DATA\Request\591\TR_Transport_Pt.shp</linkage><protocol Sync="TRUE">Local Area Network</protocol></itemLocation><itemSize Sync="TRUE">0.000</itemSize></itemProps><coordRef><type Sync="TRUE">Projected</type><geogcsn Sync="TRUE">GCS_Everest_1830</geogcsn><projcsn Sync="TRUE">Projection95</projcsn><peXml Sync="TRUE">&lt;ProjectedCoordinateSystem xsi:type='typens:ProjectedCoordinateSystem' xmlns:xsi='http://www.w3.org/2001/XMLSchema-instance' xmlns:xs='http://www.w3.org/2001/XMLSchema' xmlns:typens='http://www.esri.com/schemas/ArcGIS/10.0'&gt;&lt;WKT&gt;PROJCS[&amp;quot;Projection95&amp;quot;,GEOGCS[&amp;quot;GCS_Everest_1830&amp;quot;,DATUM[&amp;quot;D_Everest_1830&amp;quot;,SPHEROID[&amp;quot;Everest_1830&amp;quot;,6377299.36,300.8017]],PRIMEM[&amp;quot;Greenwich&amp;quot;,0.0],UNIT[&amp;quot;Degree&amp;quot;,0.0174532925199433]],PROJECTION[&amp;quot;Transverse_Mercator&amp;quot;],PARAMETER[&amp;quot;False_Easting&amp;quot;,200000.0],PARAMETER[&amp;quot;False_Northing&amp;quot;,200000.0],PARAMETER[&amp;quot;Central_Meridian&amp;quot;,80.7717111111111],PARAMETER[&amp;quot;Scale_Factor&amp;quot;,0.9999238418],PARAMETER[&amp;quot;Latitude_Of_Origin&amp;quot;,7.0004802778],UNIT[&amp;quot;Meter&amp;quot;,1.0]]&lt;/WKT&gt;&lt;XOrigin&gt;-5422000&lt;/XOrigin&gt;&lt;YOrigin&gt;-10574200&lt;/YOrigin&gt;&lt;XYScale&gt;450350955.71793514&lt;/XYScale&gt;&lt;ZOrigin&gt;-100000&lt;/ZOrigin&gt;&lt;ZScale&gt;10000&lt;/ZScale&gt;&lt;MOrigin&gt;-100000&lt;/MOrigin&gt;&lt;MScale&gt;10000&lt;/MScale&gt;&lt;XYTolerance&gt;0.001&lt;/XYTolerance&gt;&lt;ZTolerance&gt;0.001&lt;/ZTolerance&gt;&lt;MTolerance&gt;0.001&lt;/MTolerance&gt;&lt;HighPrecision&gt;true&lt;/HighPrecision&gt;&lt;/ProjectedCoordinateSystem&gt;</peXml></coordRef></DataProperties><SyncDate>20120407</SyncDate><SyncTime>21241100</SyncTime><ModDate>20120407</ModDate><ModTime>21241100</ModTime></Esri><dataIdInfo><envirDesc Sync="TRUE">Microsoft Windows Server 2008 R2 Version 6.1 (Build 7600) ; ESRI ArcGIS 10.0.2.3200</envirDesc><dataLang><languageCode value="eng" country="USA"></languageCode></dataLang><idCitation><resTitle Sync="TRUE">TR_Transport_Pt</resTitle><presForm><PresFormCd value="005"></PresFormCd></presForm></idCitation><descKeys><thesaName uuidref="723f6998-058e-11dc-8314-0800200c9a66"></thesaName><keyword Sync="TRUE">002</keyword></descKeys><spatRpType><SpatRepTypCd value="001"></SpatRepTypCd></spatRpType></dataIdInfo><mdLang><languageCode value="eng"></languageCode></mdLang><distInfo><distFormat><formatName Sync="TRUE">Shapefile</formatName></distFormat><distTranOps><transSize Sync="TRUE">0.000</transSize></distTranOps></distInfo><mdHrLv><ScopeCd value="005"></ScopeCd></mdHrLv><mdHrLvName Sync="TRUE">dataset</mdHrLvName><refSysInfo><RefSystem><refSysID><identCode code="0"></identCode></refSysID></RefSystem></refSysInfo><spdoinfo><ptvctinf><esriterm Name="TR_Transport_Pt"><efeatyp Sync="TRUE">Simple</efeatyp><efeageom Sync="TRUE">1</efeageom><esritopo Sync="TRUE">FALSE</esritopo><efeacnt Sync="TRUE">0</efeacnt><spindex Sync="TRUE">FALSE</spindex><linrefer Sync="TRUE">FALSE</linrefer></esriterm></ptvctinf></spdoinfo><spatRepInfo><VectSpatRep><topLvl><TopoLevCd value="001"></TopoLevCd></topLvl><geometObjs><geoObjTyp><GeoObjTypCd value="004"></GeoObjTypCd><geoObjCnt Sync="TRUE">0</geoObjCnt></geoObjTyp></geometObjs></VectSpatRep></spatRepInfo><eainfo><detailed Name="TR_Transport_Pt"><enttyp><enttypl Sync="TRUE">TR_Transport_Pt</enttypl><enttypt Sync="TRUE">Feature Class</enttypt><enttypc Sync="TRUE">0</enttypc></enttyp><attr><attrlabl Sync="TRUE">Shape</attrlabl><attalias Sync="TRUE">Shape</attalias><attrtype Sync="TRUE">Geometry</attrtype><attwidth Sync="TRUE">0</attwidth><atprecis Sync="TRUE">0</atprecis><attscale Sync="TRUE">0</attscale><attrdef Sync="TRUE">Feature geometry.</attrdef><attrdefs Sync="TRUE">ESRI</attrdefs><attrdomv><udom Sync="TRUE">Coordinates defining the features.</udom></attrdomv></attr><attr><attrlabl Sync="TRUE">TP_CD_ID</attrlabl><attalias Sync="TRUE">TP_CD_ID</attalias><attrtype Sync="TRUE">Integer</attrtype><attwidth Sync="TRUE">9</attwidth><atprecis Sync="TRUE">9</atprecis><attscale Sync="TRUE">0</attscale></attr><attr><attrlabl Sync="TRUE">FID</attrlabl><attalias Sync="TRUE">FID</attalias><attrtype Sync="TRUE">OID</attrtype><attwidth Sync="TRUE">4</attwidth><atprecis Sync="TRUE">0</atprecis><attscale Sync="TRUE">0</attscale><attrdef Sync="TRUE">Internal feature number.</attrdef><attrdefs Sync="TRUE">ESRI</attrdefs><attrdomv><udom Sync="TRUE">Sequential unique whole numbers that are automatically generated.</udom></attrdomv></attr><subtype><stname Sync="TRUE">Node</stname><stcode Sync="TRUE">1</stcode><stfield><stfldnm Sync="TRUE">TP_Tp_Transport_point</stfldnm><stflddv Sync="TRUE">1</stflddv><stflddd><domname Sync="TRUE">Transportpoint_Type</domname><domdesc Sync="TRUE">Type of Transport Point</domdesc><domtype Sync="TRUE">Coded Value</domtype><mrgtype Sync="TRUE">Default value</mrgtype><splttype Sync="TRUE">Duplicate</splttype><domowner Sync="TRUE"></domowner><domfldtp Sync="TRUE">SmallInteger</domfldtp></stflddd></stfield><stfield><stfldnm Sync="TRUE">TP_Tp_Transport_point_2</stfldnm><stflddv Sync="TRUE">JUNCP</stflddv><stflddd><domname Sync="TRUE">Transportnode_Subtype</domname><domdesc Sync="TRUE">Subtype of Transport node</domdesc><domtype Sync="TRUE">Coded Value</domtype><mrgtype Sync="TRUE">Default value</mrgtype><splttype Sync="TRUE">Duplicate</splttype><domowner Sync="TRUE"></domowner><domfldtp Sync="TRUE">String</domfldtp></stflddd></stfield><stfield><stfldnm Sync="TRUE">TP_Lb_method_creation</stfldnm><stflddv Sync="TRUE">8</stflddv><stflddd><domname Sync="TRUE">Method_creation</domname><domdesc Sync="TRUE">Method of creation of the mapsheet</domdesc><domtype Sync="TRUE">Coded Value</domtype><mrgtype Sync="TRUE">Default value</mrgtype><splttype Sync="TRUE">Duplicate</splttype><domowner Sync="TRUE"></domowner><domfldtp Sync="TRUE">String</domfldtp></stflddd></stfield><stfield><stfldnm Sync="TRUE">TP_Lb_method_revision</stfldnm><stflddv Sync="TRUE">1</stflddv><stflddd><domname Sync="TRUE">Method_revision</domname><domdesc Sync="TRUE">Method of revision of the mapsheet</domdesc><domtype Sync="TRUE">Coded Value</domtype><mrgtype Sync="TRUE">Default value</mrgtype><splttype Sync="TRUE">Duplicate</splttype><domowner Sync="TRUE"></domowner><domfldtp Sync="TRUE">String</domfldtp></stflddd></stfield><stfield><stfldnm Sync="TRUE">TP_Ye_revision</stfldnm><stflddv Sync="TRUE">2008</stflddv></stfield></subtype><attr><attrlabl Sync="TRUE">TP_Tp_Tran</attrlabl><attalias Sync="TRUE">TP_Tp_Tran</attalias><attrtype Sync="TRUE">SmallInteger</attrtype><attwidth Sync="TRUE">4</attwidth><atprecis Sync="TRUE">4</atprecis><attscale Sync="TRUE">0</attscale></attr><attr><attrlabl Sync="TRUE">TP_Nm_Tran</attrlabl><attalias Sync="TRUE">TP_Nm_Tran</attalias><attrtype Sync="TRUE">String</attrtype><attwidth Sync="TRUE">50</attwidth><atprecis Sync="TRUE">0</atprecis><attscale Sync="TRUE">0</attscale></attr><attr><attrlabl Sync="TRUE">TP_Lb_meth</attrlabl><attalias Sync="TRUE">TP_Lb_meth</attalias><attrtype Sync="TRUE">String</attrtype><attwidth Sync="TRUE">50</attwidth><atprecis Sync="TRUE">0</atprecis><attscale Sync="TRUE">0</attscale></attr><attr><attrlabl Sync="TRUE">TP_Ye_crea</attrlabl><attalias Sync="TRUE">TP_Ye_crea</attalias><attrtype Sync="TRUE">Integer</attrtype><attwidth Sync="TRUE">9</attwidth><atprecis Sync="TRUE">9</atprecis><attscale Sync="TRUE">0</attscale></attr><attr><attrlabl Sync="TRUE">TP_Lb_me_1</attrlabl><attalias Sync="TRUE">TP_Lb_me_1</attalias><attrtype Sync="TRUE">String</attrtype><attwidth Sync="TRUE">50</attwidth><atprecis Sync="TRUE">0</atprecis><attscale Sync="TRUE">0</attscale></attr><attr><attrlabl Sync="TRUE">TP_Ye_revi</attrlabl><attalias Sync="TRUE">TP_Ye_revi</attalias><attrtype Sync="TRUE">Integer</attrtype><attwidth Sync="TRUE">9</attwidth><atprecis Sync="TRUE">9</atprecis><attscale Sync="TRUE">0</attscale></attr><subtype><stname Sync="TRUE">Specific transport point</stname><stcode Sync="TRUE">2</stcode><stfield><stfldnm Sync="TRUE">TP_Tp_Transport_point</stfldnm><stflddv Sync="TRUE">1</stflddv><stflddd><domname Sync="TRUE">Transportpoint_Type</domname><domdesc Sync="TRUE">Type of Transport Point</domdesc><domtype Sync="TRUE">Coded Value</domtype><mrgtype Sync="TRUE">Default value</mrgtype><splttype Sync="TRUE">Duplicate</splttype><domowner Sync="TRUE"></domowner><domfldtp Sync="TRUE">SmallInteger</domfldtp></stflddd></stfield><stfield><stfldnm Sync="TRUE">TP_Tp_Transport_point_2</stfldnm><stflddd><domname Sync="TRUE">Transportpoint_Subtype</domname><domdesc Sync="TRUE">Subtype of Transport Point</domdesc><domtype Sync="TRUE">Coded Value</domtype><mrgtype Sync="TRUE">Default value</mrgtype><splttype Sync="TRUE">Duplicate</splttype><domowner Sync="TRUE"></domowner><domfldtp Sync="TRUE">String</domfldtp></stflddd></stfield><stfield><stfldnm Sync="TRUE">TP_Lb_method_creation</stfldnm><stflddv Sync="TRUE">8</stflddv><stflddd><domname Sync="TRUE">Method_creation</domname><domdesc Sync="TRUE">Method of creation of the mapsheet</domdesc><domtype Sync="TRUE">Coded Value</domtype><mrgtype Sync="TRUE">Default value</mrgtype><splttype Sync="TRUE">Duplicate</splttype><domowner Sync="TRUE"></domowner><domfldtp Sync="TRUE">String</domfldtp></stflddd></stfield><stfield><stfldnm Sync="TRUE">TP_Lb_method_revision</stfldnm><stflddv Sync="TRUE">3</stflddv><stflddd><domname Sync="TRUE">Method_revision</domname><domdesc Sync="TRUE">Method of revision of the mapsheet</domdesc><domtype Sync="TRUE">Coded Value</domtype><mrgtype Sync="TRUE">Default value</mrgtype><splttype Sync="TRUE">Duplicate</splttype><domowner Sync="TRUE"></domowner><domfldtp Sync="TRUE">String</domfldtp></stflddd></stfield><stfield><stfldnm Sync="TRUE">TP_Ye_revision</stfldnm><stflddv Sync="TRUE">2008</stflddv></stfield></subtype><attr><attrlabl Sync="TRUE">TP_GFCODE</attrlabl><attalias Sync="TRUE">TP_GFCODE</attalias><attrtype Sync="TRUE">String</attrtype><attwidth Sync="TRUE">5</attwidth><atprecis Sync="TRUE">0</atprecis><attscale Sync="TRUE">0</attscale></attr></detailed></eainfo><mdDateSt Sync="TRUE">20120407</mdDateSt></metadata>
