<?xml version="1.0"?>
<metadata xml:lang="en"><Esri><MetaID>{31F06C2F-8F51-471F-82C2-3DA853C1A629}</MetaID><CreaDate>20080721</CreaDate><CreaTime>13052000</CreaTime><SyncOnce>FALSE</SyncOnce><DataProperties><lineage><Process ToolSource="C:\Program Files\ArcGIS\ArcToolbox\Toolboxes\Data Management Tools.tbx\Append" Date="20080721" Time="130520">Append F:\Productie\check\mdb\2306_2311\2306_VH4590VH4794.mdb\Dataset2_Update\TR_Transport_Li F:\Productie\check\2306.mdb\Dataset2_Update\TR_Transport_Li TEST F:\Productie\check\2306.mdb\Dataset2_Update\TR_Transport_Li</Process><Process ToolSource="C:\Program Files\ArcGIS\ArcToolbox\Toolboxes\Data Management Tools.tbx\Append" Date="20080722" Time="092946">Append F:\Productie\check\mdb\2306_2311\2311_VH4085VH4189.mdb\Dataset2_Update\TR_Transport_Li F:\Productie\check\2306_2311.mdb\Dataset2_Update\TR_Transport_Li TEST F:\Productie\check\2306_2311.mdb\Dataset2_Update\TR_Transport_Li</Process><Process ToolSource="C:\Program Files\ArcGIS\ArcToolbox\Toolboxes\Data Management Tools.tbx\Append" Date="20080722" Time="093149">Append F:\Productie\check\mdb\2306_2311\2311_VH4285VH4389.mdb\Dataset2_Update\TR_Transport_Li F:\Productie\check\2306_2311.mdb\Dataset2_Update\TR_Transport_Li TEST F:\Productie\check\2306_2311.mdb\Dataset2_Update\TR_Transport_Li</Process><Process ToolSource="C:\Program Files\ArcGIS\ArcToolbox\Toolboxes\Data Management Tools.tbx\Append" Date="20080722" Time="115026">Append F:\Productie\check\mdb\2306_2311\2311_VH4485VH4589.mdb\Dataset2_Update\TR_Transport_Li F:\Productie\check\2306_2311.mdb\Dataset2_Update\TR_Transport_Li TEST F:\Productie\check\2306_2311.mdb\Dataset2_Update\TR_Transport_Li</Process><Process ToolSource="C:\Program Files\ArcGIS\ArcToolbox\Toolboxes\Data Management Tools.tbx\Append" Date="20080722" Time="134227">Append F:\Productie\check\mdb\2306_2311\2311_VH4685VH4789.mdb\Dataset2_Update\TR_Transport_Li F:\Productie\check\2306_2311.mdb\Dataset2_Update\TR_Transport_Li TEST F:\Productie\check\2306_2311.mdb\Dataset2_Update\TR_Transport_Li</Process><Process ToolSource="C:\Program Files\ArcGIS\ArcToolbox\Toolboxes\Data Management Tools.tbx\Append" Date="20080722" Time="143122">Append F:\Productie\bkp\1825_2301\1820_2301.mdb\Dataset2_Update\TR_Transport_Li F:\Productie\check\1820_2311.mdb\Dataset2_Update\TR_Transport_Li TEST F:\Productie\check\1820_2311.mdb\Dataset2_Update\TR_Transport_Li</Process><Process ToolSource="C:\Program Files\ArcGIS\ArcToolbox\Toolboxes\Data Management Tools.tbx\Append" Date="20080723" Time="082913">Append F:\Productie\asamblate\bloc_3\2316_3314\2316_3314.mdb\Dataset2_Update\TR_Transport_Li F:\Productie\asamblate\bloc_3\SIIRM_bloc3_E.mdb\Dataset2_Update\TR_Transport_Li TEST F:\Productie\asamblate\bloc_3\SIIRM_bloc3_E.mdb\Dataset2_Update\TR_Transport_Li</Process><Process ToolSource="C:\Program Files\ArcGIS\ArcToolbox\Toolboxes\Data Management Tools.tbx\SelectData" Date="20090922" Time="112816">SelectData E:\DATA\GeoDB\Rajapaksha\10K_SH55.mdb\Working_Personal_dataset TR_Transport_Li E:\DATA\GeoDB\Rajapaksha\10K_SH55.mdb\Working_Personal_dataset\TR_Transport_Li</Process><Process ToolSource="C:\Program Files\ArcGIS\ArcToolbox\Toolboxes\Data Management Tools.tbx\DeleteFeatures" Date="20090922" Time="112816">DeleteFeatures E:\DATA\GeoDB\Rajapaksha\10K_SH55.mdb\Working_Personal_dataset\TR_Transport_Li E:\DATA\GeoDB\Rajapaksha\10K_SH55.mdb\Working_Personal_dataset\TR_Transport_Li</Process><Process ToolSource="C:\Program Files\ArcGIS\ArcToolbox\Toolboxes\Data Management Tools.tbx\Append" Date="20090922" Time="112819">Append E:\DATA\GeoDB\Rajapaksha\10K_SH55.mdb\Dataset_Conversion\Transport_Line_t E:\DATA\GeoDB\Rajapaksha\10K_SH55.mdb\Working_Personal_dataset\TR_Transport_Li NO_TEST "TL_Tp_Transport_line 'Type' false false false 0 Long 0 50 ,First,#,E:\DATA\GeoDB\Rajapaksha\10K_SH55.mdb\Dataset_Conversion\Transport_Line_t,GFCODE,-1,-1;TL_Nm_Transport_Line 'Name' true true false 50 Text 0 0 ,First,#,E:\DATA\GeoDB\Rajapaksha\10K_SH55.mdb\Dataset_Conversion\Transport_Line_t,NAME,-1,-1;TL_Lb_Additional_info 'Additional' false true true 0 Long 0 0 ,First,#,E:\DATA\GeoDB\Rajapaksha\10K_SH55.mdb\Dataset_Conversion\Transport_Line_t,TYPE,-1,-1;TL_Lb_method_creation 'Method' false false true 0 Long 50 0 ,First,#;TL_Ye_creation 'Year' false false true 0 Long 4 0 ,First,#,E:\DATA\GeoDB\Rajapaksha\10K_SH55.mdb\Dataset_Conversion\Transport_Line_t,YEAR_,-1,-1;TL_Lb_method_revision 'Method' false false true 0 Long 50 0 ,First,#;TL_Ye_revision 'Year' false false true 0 Long 4 0 ,First,#;TL_Cd_GFCODE 'GFCODE' true true false 50 Text 0 0 ,First,#,E:\DATA\GeoDB\Rajapaksha\10K_SH55.mdb\Dataset_Conversion\Transport_Line_t,GFCODE,-1,-1;TL_Cd_ID 'Transport' false false true 0 Long 4 0 ,First,#;SHAPE_Length 'SHAPE_Length' false true true 8 Double 0 0 ,First,#,E:\DATA\GeoDB\Rajapaksha\10K_SH55.mdb\Dataset_Conversion\Transport_Line_t,Shape_Length,-1,-1" # E:\DATA\GeoDB\Rajapaksha\10K_SH55.mdb\Working_Personal_dataset\TR_Transport_Li</Process><Process ToolSource="C:\Program Files\ArcGIS\ArcToolbox\Toolboxes\Data Management Tools.tbx\CalculateField" Date="20090922" Time="112820">CalculateField E:\DATA\GeoDB\Rajapaksha\10K_SH55.mdb\Working_Personal_dataset\TR_Transport_Li TL_Lb_method_creation 8 VB # E:\DATA\GeoDB\Rajapaksha\10K_SH55.mdb\Working_Personal_dataset\TR_Transport_Li</Process><Process ToolSource="C:\Program Files\ArcGIS\ArcToolbox\Toolboxes\Data Management Tools.tbx\DeleteFeatures" Date="20091009" Time="123424">DeleteFeatures E:\TDB\10K\10K_Empty.mdb\Working_Personal_dataset\TR_Transport_Li E:\TDB\10K\10K_Empty.mdb\Working_Personal_dataset\TR_Transport_Li</Process><Process ToolSource="C:\Program Files\ArcGIS\ArcToolbox\Toolboxes\Data Management Tools.tbx\SelectData" Date="20100614" Time="082815">SelectData D:\10K_GeoDB\10K_SH59.mdb\Working_Personal_dataset TR_Transport_Li D:\10K_GeoDB\10K_SH59.mdb\Working_Personal_dataset\TR_Transport_Li</Process><Process ToolSource="C:\Program Files\ArcGIS\ArcToolbox\Toolboxes\Data Management Tools.tbx\DeleteFeatures" Date="20100614" Time="082815">DeleteFeatures D:\10K_GeoDB\10K_SH59.mdb\Working_Personal_dataset\TR_Transport_Li D:\10K_GeoDB\10K_SH59.mdb\Working_Personal_dataset\TR_Transport_Li</Process><Process ToolSource="C:\Program Files\ArcGIS\ArcToolbox\Toolboxes\Data Management Tools.tbx\Append" Date="20100614" Time="082819">Append D:\10K_GeoDB\10K_SH59.mdb\Dataset_Conversion\Transport_Line_t D:\10K_GeoDB\10K_SH59.mdb\Working_Personal_dataset\TR_Transport_Li NO_TEST "TL_Tp_Transport_line 'Type' false false false 0 Long 0 50 ,First,#,D:\10K_GeoDB\10K_SH59.mdb\Dataset_Conversion\Transport_Line_t,GFCODE,-1,-1;TL_Nm_Transport_Line 'Name' true true false 50 Text 0 0 ,First,#,D:\10K_GeoDB\10K_SH59.mdb\Dataset_Conversion\Transport_Line_t,NAME,-1,-1;TL_Lb_Additional_info 'Additional' false true true 0 Long 0 0 ,First,#,D:\10K_GeoDB\10K_SH59.mdb\Dataset_Conversion\Transport_Line_t,TYPE,-1,-1;TL_Lb_method_creation 'Method' false false true 0 Long 50 0 ,First,#;TL_Ye_creation 'Year' false false true 0 Long 4 0 ,First,#,D:\10K_GeoDB\10K_SH59.mdb\Dataset_Conversion\Transport_Line_t,YEAR_,-1,-1;TL_Lb_method_revision 'Method' false false true 0 Long 50 0 ,First,#;TL_Ye_revision 'Year' false false true 0 Long 4 0 ,First,#;TL_Cd_GFCODE 'GFCODE' true true false 50 Text 0 0 ,First,#,D:\10K_GeoDB\10K_SH59.mdb\Dataset_Conversion\Transport_Line_t,GFCODE,-1,-1;TL_Cd_ID 'Transport' false false true 0 Long 4 0 ,First,#;SHAPE_Length 'SHAPE_Length' false true true 8 Double 0 0 ,First,#,D:\10K_GeoDB\10K_SH59.mdb\Dataset_Conversion\Transport_Line_t,Shape_Length,-1,-1" # D:\10K_GeoDB\10K_SH59.mdb\Working_Personal_dataset\TR_Transport_Li</Process><Process ToolSource="C:\Program Files\ArcGIS\ArcToolbox\Toolboxes\Data Management Tools.tbx\CalculateField" Date="20100614" Time="082821">CalculateField D:\10K_GeoDB\10K_SH59.mdb\Working_Personal_dataset\TR_Transport_Li TL_Lb_method_creation 8 VB # D:\10K_GeoDB\10K_SH59.mdb\Working_Personal_dataset\TR_Transport_Li</Process><Process ToolSource="C:\Program Files\ArcGIS\ArcToolbox\Toolboxes\Data Management Tools.tbx\Append" Date="20100709" Time="082636">Append D:\10K_GeoDB\10K_SH59_Part.mdb\Working_Personal_dataset\TR_Transport_Li D:\10K_GeoDB\10K_GeoDB_Final_2010\10K_SH59_GeoDB.mdb\Working_Personal_dataset\TR_Transport_Li NO_TEST "TL_Tp_Transport_line 'Type of Transport line' true true false 50 Text 0 0 ,First,#,D:\10K_GeoDB\10K_SH59_Part.mdb\Working_Personal_dataset\TR_Transport_Li,TL_Tp_Transport_line,-1,-1;TL_Nm_Transport_Line 'Name' true true false 50 Text 0 0 ,First,#,D:\10K_GeoDB\10K_SH59_Part.mdb\Working_Personal_dataset\TR_Transport_Li,TL_Nm_Transport_Line,-1,-1;TL_Lb_Additional_info 'Additional info' true true false 50 Text 0 0 ,First,#,D:\10K_GeoDB\10K_SH59_Part.mdb\Working_Personal_dataset\TR_Transport_Li,TL_Lb_Additional_info,-1,-1;TL_Lb_method_creation 'Method of creation' true true false 50 Text 0 0 ,First,#,D:\10K_GeoDB\10K_SH59_Part.mdb\Working_Personal_dataset\TR_Transport_Li,TL_Lb_method_creation,-1,-1;TL_Ye_creation 'Year of creation' true true false 4 Long 0 0 ,First,#,D:\10K_GeoDB\10K_SH59_Part.mdb\Working_Personal_dataset\TR_Transport_Li,TL_Ye_creation,-1,-1;TL_Lb_method_revision 'Method of revision' true true false 50 Text 0 0 ,First,#,D:\10K_GeoDB\10K_SH59_Part.mdb\Working_Personal_dataset\TR_Transport_Li,TL_Lb_method_revision,-1,-1;TL_Ye_revision 'Year of revision' true true false 4 Long 0 0 ,First,#,D:\10K_GeoDB\10K_SH59_Part.mdb\Working_Personal_dataset\TR_Transport_Li,TL_Ye_revision,-1,-1;TL_Cd_GFCODE 'GFCODE' true true false 50 Text 0 0 ,First,#,D:\10K_GeoDB\10K_SH59_Part.mdb\Working_Personal_dataset\TR_Transport_Li,TL_Cd_GFCODE,-1,-1;TL_Cd_ID 'Transport line ID' true true false 4 Long 0 0 ,First,#,D:\10K_GeoDB\10K_SH59_Part.mdb\Working_Personal_dataset\TR_Transport_Li,TL_Cd_ID,-1,-1;SHAPE_Length 'SHAPE_Length' false true true 8 Double 0 0 ,First,#,D:\10K_GeoDB\10K_SH59_Part.mdb\Working_Personal_dataset\TR_Transport_Li,SHAPE_Length,-1,-1" # D:\10K_GeoDB\10K_GeoDB_Final_2010\10K_SH59_GeoDB.mdb\Working_Personal_dataset\TR_Transport_Li</Process><Process ToolSource="C:\Program Files\ArcGIS\ArcToolbox\Toolboxes\Data Management Tools.tbx\Append" Date="20100714" Time="100651">Append D:\10K_GeoDB\10K_SH59N.mdb\Working_Personal_dataset\TR_Transport_Li D:\10K_GeoDB\10K_SH59_GeoDB_New.mdb\Working_Personal_dataset\TR_Transport_Li NO_TEST "TL_Tp_Transport_line 'Type of Transport line' true true false 50 Text 0 0 ,First,#,D:\10K_GeoDB\10K_SH59N.mdb\Working_Personal_dataset\TR_Transport_Li,TL_Tp_Transport_line,-1,-1;TL_Nm_Transport_Line 'Name' true true false 50 Text 0 0 ,First,#,D:\10K_GeoDB\10K_SH59N.mdb\Working_Personal_dataset\TR_Transport_Li,TL_Nm_Transport_Line,-1,-1;TL_Lb_Additional_info 'Additional info' true true false 50 Text 0 0 ,First,#,D:\10K_GeoDB\10K_SH59N.mdb\Working_Personal_dataset\TR_Transport_Li,TL_Lb_Additional_info,-1,-1;TL_Lb_method_creation 'Method of creation' true true false 50 Text 0 0 ,First,#,D:\10K_GeoDB\10K_SH59N.mdb\Working_Personal_dataset\TR_Transport_Li,TL_Lb_method_creation,-1,-1;TL_Ye_creation 'Year of creation' true true false 4 Long 0 0 ,First,#,D:\10K_GeoDB\10K_SH59N.mdb\Working_Personal_dataset\TR_Transport_Li,TL_Ye_creation,-1,-1;TL_Lb_method_revision 'Method of revision' true true false 50 Text 0 0 ,First,#,D:\10K_GeoDB\10K_SH59N.mdb\Working_Personal_dataset\TR_Transport_Li,TL_Lb_method_revision,-1,-1;TL_Ye_revision 'Year of revision' true true false 4 Long 0 0 ,First,#,D:\10K_GeoDB\10K_SH59N.mdb\Working_Personal_dataset\TR_Transport_Li,TL_Ye_revision,-1,-1;TL_Cd_GFCODE 'GFCODE' true true false 50 Text 0 0 ,First,#,D:\10K_GeoDB\10K_SH59N.mdb\Working_Personal_dataset\TR_Transport_Li,TL_Cd_GFCODE,-1,-1;TL_Cd_ID 'Transport line ID' true true false 4 Long 0 0 ,First,#,D:\10K_GeoDB\10K_SH59N.mdb\Working_Personal_dataset\TR_Transport_Li,TL_Cd_ID,-1,-1;SHAPE_Length 'SHAPE_Length' false true true 8 Double 0 0 ,First,#,D:\10K_GeoDB\10K_SH59N.mdb\Working_Personal_dataset\TR_Transport_Li,SHAPE_Length,-1,-1" # D:\10K_GeoDB\10K_SH59_GeoDB_New.mdb\Working_Personal_dataset\TR_Transport_Li</Process><Process ToolSource="C:\Program Files\ArcGIS\Desktop10.0\ArcToolbox\Toolboxes\Data Management Tools.tbx\CalculateField" Date="20110609" Time="175723">CalculateField "Transport (line)" TL_Ye_revision 2011 VB #</Process><Process ToolSource="C:\Program Files (x86)\ArcGIS\Desktop10.0\ArcToolbox\Toolboxes\Analysis Tools.tbx\Erase" Date="20110922" Time="165134">Erase D:\SH59\10K_SH59_GeoDB_To_Chamari.mdb\Working_Personal_dataset\TR_Transport_Li D:\SH59\5903.shp D:\SH59\10K_59_New.mdb\Working_Personal_dataset\TR_Transport_Li1 #</Process><Process ToolSource="C:\Program Files (x86)\ArcGIS\Desktop10.0\ArcToolbox\Toolboxes\Data Management Tools.tbx\Append" Date="20110922" Time="165303">Append D:\SH59\5903.mdb\Working_Personal_dataset\TR_Transport_Li TR_Transport_Li1 TEST # #</Process><Process ToolSource="C:\Program Files (x86)\ArcGIS\Desktop10.0\ArcToolbox\Toolboxes\Analysis Tools.tbx\Erase" Date="20110922" Time="170014">Erase TR_Transport_Li1 D:\SH59\5919.shp D:\SH59\10K_59_New.mdb\Working_Personal_dataset\TR_Transport_Li2 #</Process><Process ToolSource="C:\Program Files (x86)\ArcGIS\Desktop10.0\ArcToolbox\Toolboxes\Data Management Tools.tbx\Append" Date="20110922" Time="170122">Append D:\SH59\5919.mdb\Working_Personal_dataset\TR_Transport_Li TR_Transport_Li2 TEST # #</Process><Process ToolSource="C:\Program Files (x86)\ArcGIS\Desktop10.0\ArcToolbox\Toolboxes\Conversion Tools.tbx\FeatureClassToFeatureClass" Date="20110922" Time="172749">FeatureClassToFeatureClass D:\SH59\10K_59_New.mdb\Working_Personal_dataset\TR_Transport_Li2 D:\SH59\10K_SH59_GeoDB_To_Chamari.mdb\Working_Personal_dataset TR_Transport_Li # "TL_Tp_Transport_line "Type of Transport line" true true false 50 Text 0 0 ,First,#,D:\SH59\10K_59_New.mdb\Working_Personal_dataset\TR_Transport_Li2,TL_Tp_Transport_line,-1,-1;TL_Nm_Transport_Line "Name" true true false 50 Text 0 0 ,First,#,D:\SH59\10K_59_New.mdb\Working_Personal_dataset\TR_Transport_Li2,TL_Nm_Transport_Line,-1,-1;TL_Lb_Additional_info "Additional info" true true false 50 Text 0 0 ,First,#,D:\SH59\10K_59_New.mdb\Working_Personal_dataset\TR_Transport_Li2,TL_Lb_Additional_info,-1,-1;TL_Lb_method_creation "Method of creation" true true false 50 Text 0 0 ,First,#,D:\SH59\10K_59_New.mdb\Working_Personal_dataset\TR_Transport_Li2,TL_Lb_method_creation,-1,-1;TL_Ye_creation "Year of creation" true true false 4 Long 0 0 ,First,#,D:\SH59\10K_59_New.mdb\Working_Personal_dataset\TR_Transport_Li2,TL_Ye_creation,-1,-1;TL_Lb_method_revision "Method of revision" true true false 50 Text 0 0 ,First,#,D:\SH59\10K_59_New.mdb\Working_Personal_dataset\TR_Transport_Li2,TL_Lb_method_revision,-1,-1;TL_Ye_revision "Year of revision" true true false 4 Long 0 0 ,First,#,D:\SH59\10K_59_New.mdb\Working_Personal_dataset\TR_Transport_Li2,TL_Ye_revision,-1,-1;TL_Cd_GFCODE "GFCODE" true true false 50 Text 0 0 ,First,#,D:\SH59\10K_59_New.mdb\Working_Personal_dataset\TR_Transport_Li2,TL_Cd_GFCODE,-1,-1;TL_Cd_ID "Transport line ID" true true false 4 Long 0 0 ,First,#,D:\SH59\10K_59_New.mdb\Working_Personal_dataset\TR_Transport_Li2,TL_Cd_ID,-1,-1;SHAPE_Length "SHAPE_Length" false true true 8 Double 0 0 ,First,#,D:\SH59\10K_59_New.mdb\Working_Personal_dataset\TR_Transport_Li2,SHAPE_Length,-1,-1" #</Process><Process ToolSource="C:\Program Files\ArcGIS\Desktop10.0\ArcToolbox\Toolboxes\Data Management Tools.tbx\CalculateField" Date="20120224" Time="111050">CalculateField TR_Transport_Li TL_Nm_Transport_Line "" VB #</Process><Process ToolSource="C:\Program Files\ArcGIS\Desktop10.0\ArcToolbox\Toolboxes\Data Management Tools.tbx\CalculateField" Date="20120224" Time="114650">CalculateField TR_Transport_Li TL_Lb_Additional_info "B445" VB #</Process><Process ToolSource="C:\Program Files\ArcGIS\Desktop10.0\ArcToolbox\Toolboxes\Data Management Tools.tbx\CalculateField" Date="20120224" Time="114713">CalculateField TR_Transport_Li TL_Lb_Additional_info "B445" VB #</Process><Process ToolSource="C:\Program Files\ArcGIS\Desktop10.0\ArcToolbox\Toolboxes\Data Management Tools.tbx\CalculateField" Date="20120224" Time="114942">CalculateField TR_Transport_Li TL_Lb_Additional_info "B445" VB #</Process><Process ToolSource="C:\Program Files\ArcGIS\Desktop10.0\ArcToolbox\Toolboxes\Data Management Tools.tbx\CalculateField" Date="20120224" Time="115012">CalculateField TR_Transport_Li TL_Lb_Additional_info 'B445' VB #</Process><Process ToolSource="C:\Program Files\ArcGIS\Desktop10.0\ArcToolbox\Toolboxes\Data Management Tools.tbx\CalculateField" Date="20120224" Time="115052">CalculateField TR_Transport_Li TL_Lb_Additional_info "B445" VB #</Process><Process ToolSource="C:\Program Files\ArcGIS\Desktop10.0\ArcToolbox\Toolboxes\Data Management Tools.tbx\CalculateField" Date="20120224" Time="115507">CalculateField TR_Transport_Li TL_Lb_Additional_info "B445" VB #</Process><Process ToolSource="C:\Program Files\ArcGIS\Desktop10.0\ArcToolbox\Toolboxes\Analysis Tools.tbx\Erase" Date="20120309" Time="135857">Erase TR_Transport_Li G:\Working_GIS20\My_Editing\SH_59_REVISION_Googale\5915.mdb\Working_Personal_dataset\CA_Tile_Pg G:\Working_GIS20\My_Editing\SH_59_REVISION_Googale\10K_SH59_GeoDB_22092011.mdb\Working_Personal_dataset\TR_Transport_Li_NEW #</Process><Process ToolSource="D:\Program Files\ArcGIS\Desktop10.0\ArcToolbox\Toolboxes\Analysis Tools.tbx\Clip" Date="20120407" Time="212359">Clip D:\TopoDB\Topo_10K\10K_GeoDB_Final_2011\10K_SH59_GeoDB_22092011.mdb\Working_Personal_dataset\TR_Transport_Li E:\DATA\Request\591\window.shp E:\Temp_Files\TR_Transport_Li.shp #</Process><Process ToolSource="D:\Program Files\ArcGIS\Desktop10.0\ArcToolbox\Toolboxes\Data Management Tools.tbx\AddField" Date="20120407" Time="212406">AddField E:\Temp_Files\TR_Transport_Li.shp TL_GFCODE TEXT # # 5 # NON_NULLABLE NON_REQUIRED #</Process><Process ToolSource="D:\Program Files\ArcGIS\Desktop10.0\ArcToolbox\Toolboxes\Data Management Tools.tbx\CalculateField" Date="20120407" Time="212406">CalculateField E:\Temp_Files\TR_Transport_Li.shp TL_GFCODE [TL_Tp_Tran] VB #</Process><Process ToolSource="D:\Program Files\ArcGIS\Desktop10.0\ArcToolbox\Toolboxes\Data Management Tools.tbx\DeleteField" Date="20120407" Time="212407">DeleteField E:\Temp_Files\TR_Transport_Li.shp TL_Cd_GFCO;TL_Tp_Tran</Process><Process ToolSource="D:\Program Files\ArcGIS\Desktop10.0\ArcToolbox\Toolboxes\Conversion Tools.tbx\FeatureClassToFeatureClass" Date="20120407" Time="212411">FeatureClassToFeatureClass E:\Temp_Files\TR_Transport_Li.shp E:\DATA\Request\591 TR_Transport_Li.shp # "TL_Nm_Tran "TL_Nm_Tran" true true false 50 Text 0 0 ,First,#,E:\Temp_Files\TR_Transport_Li.shp,TL_Nm_Tran,-1,-1;TL_Lb_Addi "TL_Lb_Addi" true true false 50 Text 0 0 ,First,#,E:\Temp_Files\TR_Transport_Li.shp,TL_Lb_Addi,-1,-1;TL_Lb_meth "TL_Lb_meth" true true false 50 Text 0 0 ,First,#,E:\Temp_Files\TR_Transport_Li.shp,TL_Lb_meth,-1,-1;TL_Ye_crea "TL_Ye_crea" true true false 9 Long 0 9 ,First,#,E:\Temp_Files\TR_Transport_Li.shp,TL_Ye_crea,-1,-1;TL_Lb_me_1 "TL_Lb_me_1" true true false 50 Text 0 0 ,First,#,E:\Temp_Files\TR_Transport_Li.shp,TL_Lb_me_1,-1,-1;TL_Ye_revi "TL_Ye_revi" true true false 9 Long 0 9 ,First,#,E:\Temp_Files\TR_Transport_Li.shp,TL_Ye_revi,-1,-1;TL_Cd_ID "TL_Cd_ID" true true false 9 Long 0 9 ,First,#,E:\Temp_Files\TR_Transport_Li.shp,TL_Cd_ID,-1,-1;Shape_Leng "Shape_Leng" true true false 19 Double 0 0 ,First,#,E:\Temp_Files\TR_Transport_Li.shp,Shape_Leng,-1,-1;TL_GFCODE "TL_GFCODE" true true false 5 Text 0 0 ,First,#,E:\Temp_Files\TR_Transport_Li.shp,TL_GFCODE,-1,-1" #</Process></lineage><itemProps><itemName Sync="TRUE">TR_Transport_Li</itemName><imsContentType Sync="TRUE">002</imsContentType><itemLocation><linkage Sync="TRUE">file://\\4520S-HP\E$\DATA\Request\591\TR_Transport_Li.shp</linkage><protocol Sync="TRUE">Local Area Network</protocol></itemLocation><itemSize Sync="TRUE">0.000</itemSize></itemProps><coordRef><type Sync="TRUE">Projected</type><geogcsn Sync="TRUE">GCS_Everest_1830</geogcsn><projcsn Sync="TRUE">Projection95</projcsn><peXml Sync="TRUE">&lt;ProjectedCoordinateSystem xsi:type='typens:ProjectedCoordinateSystem' xmlns:xsi='http://www.w3.org/2001/XMLSchema-instance' xmlns:xs='http://www.w3.org/2001/XMLSchema' xmlns:typens='http://www.esri.com/schemas/ArcGIS/10.0'&gt;&lt;WKT&gt;PROJCS[&amp;quot;Projection95&amp;quot;,GEOGCS[&amp;quot;GCS_Everest_1830&amp;quot;,DATUM[&amp;quot;D_Everest_1830&amp;quot;,SPHEROID[&amp;quot;Everest_1830&amp;quot;,6377299.36,300.8017]],PRIMEM[&amp;quot;Greenwich&amp;quot;,0.0],UNIT[&amp;quot;Degree&amp;quot;,0.0174532925199433]],PROJECTION[&amp;quot;Transverse_Mercator&amp;quot;],PARAMETER[&amp;quot;False_Easting&amp;quot;,200000.0],PARAMETER[&amp;quot;False_Northing&amp;quot;,200000.0],PARAMETER[&amp;quot;Central_Meridian&amp;quot;,80.7717111111111],PARAMETER[&amp;quot;Scale_Factor&amp;quot;,0.9999238418],PARAMETER[&amp;quot;Latitude_Of_Origin&amp;quot;,7.0004802778],UNIT[&amp;quot;Meter&amp;quot;,1.0]]&lt;/WKT&gt;&lt;XOrigin&gt;-5422000&lt;/XOrigin&gt;&lt;YOrigin&gt;-10574200&lt;/YOrigin&gt;&lt;XYScale&gt;450350955.71793514&lt;/XYScale&gt;&lt;ZOrigin&gt;-100000&lt;/ZOrigin&gt;&lt;ZScale&gt;10000&lt;/ZScale&gt;&lt;MOrigin&gt;-100000&lt;/MOrigin&gt;&lt;MScale&gt;10000&lt;/MScale&gt;&lt;XYTolerance&gt;0.001&lt;/XYTolerance&gt;&lt;ZTolerance&gt;0.001&lt;/ZTolerance&gt;&lt;MTolerance&gt;0.001&lt;/MTolerance&gt;&lt;HighPrecision&gt;true&lt;/HighPrecision&gt;&lt;/ProjectedCoordinateSystem&gt;</peXml></coordRef></DataProperties><SyncDate>20120407</SyncDate><SyncTime>21241000</SyncTime><ModDate>20120407</ModDate><ModTime>21241000</ModTime></Esri><dataIdInfo><envirDesc Sync="TRUE">Microsoft Windows Server 2008 R2 Version 6.1 (Build 7600) ; ESRI ArcGIS 10.0.2.3200</envirDesc><dataLang><languageCode value="eng" country="USA"></languageCode></dataLang><idCitation><resTitle Sync="TRUE">TR_Transport_Li</resTitle><presForm><PresFormCd value="005"></PresFormCd></presForm></idCitation><descKeys><thesaName uuidref="723f6998-058e-11dc-8314-0800200c9a66"></thesaName><keyword Sync="TRUE">002</keyword></descKeys><spatRpType><SpatRepTypCd value="001"></SpatRepTypCd></spatRpType></dataIdInfo><mdLang><languageCode value="eng"></languageCode></mdLang><distInfo><distFormat><formatName Sync="TRUE">Shapefile</formatName></distFormat><distTranOps><transSize Sync="TRUE">0.000</transSize></distTranOps></distInfo><mdHrLv><ScopeCd value="005"></ScopeCd></mdHrLv><mdHrLvName Sync="TRUE">dataset</mdHrLvName><refSysInfo><RefSystem><refSysID><identCode code="0"></identCode></refSysID></RefSystem></refSysInfo><spdoinfo><ptvctinf><esriterm Name="TR_Transport_Li"><efeatyp Sync="TRUE">Simple</efeatyp><efeageom Sync="TRUE">3</efeageom><esritopo Sync="TRUE">FALSE</esritopo><efeacnt Sync="TRUE">0</efeacnt><spindex Sync="TRUE">FALSE</spindex><linrefer Sync="TRUE">FALSE</linrefer></esriterm></ptvctinf></spdoinfo><spatRepInfo><VectSpatRep><topLvl><TopoLevCd value="001"></TopoLevCd></topLvl><geometObjs><geoObjTyp><GeoObjTypCd value="002"></GeoObjTypCd><geoObjCnt Sync="TRUE">0</geoObjCnt></geoObjTyp></geometObjs></VectSpatRep></spatRepInfo><eainfo><detailed Name="TR_Transport_Li"><enttyp><enttypl Sync="TRUE">TR_Transport_Li</enttypl><enttypt Sync="TRUE">Feature Class</enttypt><enttypc Sync="TRUE">0</enttypc></enttyp><attr><attrlabl Sync="TRUE">FID</attrlabl><attalias Sync="TRUE">FID</attalias><attrtype Sync="TRUE">OID</attrtype><attwidth Sync="TRUE">4</attwidth><atprecis Sync="TRUE">0</atprecis><attscale Sync="TRUE">0</attscale><attrdef Sync="TRUE">Internal feature number.</attrdef><attrdefs Sync="TRUE">ESRI</attrdefs><attrdomv><udom Sync="TRUE">Sequential unique whole numbers that are automatically generated.</udom></attrdomv></attr><attr><attrlabl Sync="TRUE">SHAPE</attrlabl><attalias Sync="TRUE">Shape</attalias><attrtype Sync="TRUE">Geometry</attrtype><attwidth Sync="TRUE">0</attwidth><atprecis Sync="TRUE">0</atprecis><attscale Sync="TRUE">0</attscale><attrdef Sync="TRUE">Feature geometry.</attrdef><attrdefs Sync="TRUE">ESRI</attrdefs><attrdomv><udom Sync="TRUE">Coordinates defining the features.</udom></attrdomv></attr><attr><attrlabl Sync="TRUE">TL_Nm_Tran</attrlabl><attalias Sync="TRUE">TL_Nm_Tran</attalias><attrtype Sync="TRUE">String</attrtype><attwidth Sync="TRUE">50</attwidth><atprecis Sync="TRUE">0</atprecis><attscale Sync="TRUE">0</attscale></attr><attr><attrlabl Sync="TRUE">TL_Lb_Addi</attrlabl><attalias Sync="TRUE">TL_Lb_Addi</attalias><attrtype Sync="TRUE">String</attrtype><attwidth Sync="TRUE">50</attwidth><atprecis Sync="TRUE">0</atprecis><attscale Sync="TRUE">0</attscale></attr><attr><attrlabl Sync="TRUE">TL_Lb_meth</attrlabl><attalias Sync="TRUE">TL_Lb_meth</attalias><attrtype Sync="TRUE">String</attrtype><attwidth Sync="TRUE">50</attwidth><atprecis Sync="TRUE">0</atprecis><attscale Sync="TRUE">0</attscale></attr><attr><attrlabl Sync="TRUE">TL_Ye_crea</attrlabl><attalias Sync="TRUE">TL_Ye_crea</attalias><attrtype Sync="TRUE">Integer</attrtype><attwidth Sync="TRUE">9</attwidth><atprecis Sync="TRUE">9</atprecis><attscale Sync="TRUE">0</attscale></attr><attr><attrlabl Sync="TRUE">TL_Lb_me_1</attrlabl><attalias Sync="TRUE">TL_Lb_me_1</attalias><attrtype Sync="TRUE">String</attrtype><attwidth Sync="TRUE">50</attwidth><atprecis Sync="TRUE">0</atprecis><attscale Sync="TRUE">0</attscale></attr><attr><attrlabl Sync="TRUE">TL_Ye_revi</attrlabl><attalias Sync="TRUE">TL_Ye_revi</attalias><attrtype Sync="TRUE">Integer</attrtype><attwidth Sync="TRUE">9</attwidth><atprecis Sync="TRUE">9</atprecis><attscale Sync="TRUE">0</attscale></attr><attr><attrlabl Sync="TRUE">TL_Cd_ID</attrlabl><attalias Sync="TRUE">TL_Cd_ID</attalias><attrtype Sync="TRUE">Integer</attrtype><attwidth Sync="TRUE">9</attwidth><atprecis Sync="TRUE">9</atprecis><attscale Sync="TRUE">0</attscale></attr><attr><attrlabl Sync="TRUE">Shape_Leng</attrlabl><attalias Sync="TRUE">Shape_Leng</attalias><attrtype Sync="TRUE">Double</attrtype><attwidth Sync="TRUE">19</attwidth><atprecis Sync="TRUE">0</atprecis><attscale Sync="TRUE">0</attscale></attr><attr><attrlabl Sync="TRUE">TL_GFCODE</attrlabl><attalias Sync="TRUE">TL_GFCODE</attalias><attrtype Sync="TRUE">String</attrtype><attwidth Sync="TRUE">5</attwidth><atprecis Sync="TRUE">0</atprecis><attscale Sync="TRUE">0</attscale></attr></detailed></eainfo><mdDateSt Sync="TRUE">20120407</mdDateSt></metadata>
